candidate_index	canonical_source_row	polymer_entity_id	pair_id	PDB	chain	UniProt	current_readiness	primary_acquisition_class	required_external_assets	required_local_derivations	sampling_stratum_prior	prior_evidence_status	selection_reason	target_observability	asset_statuses	requires_pdb_mmcif	requires_sifts	requires_afdb_metadata	requires_afdb_structure	requires_afdb_pae	requires_afdb_confidence
1	0	2VB1_1	2vb1_A__P00698	2vb1	A	P00698	partial_local_inputs	needs_mapping_derivation_only	[]	"[""pair_qc"",""residue_mapping"",""fragment_resolution"",""p0_eligibility_inputs"",""mechanism_observability_features""]"	uncertain_or_unclassified	unobserved	acquisition_panel;post_acquisition_restratification_required;non_round1_candidate;prior=uncertain_or_unclassified;prior_evidence_status=unobserved;p0_readiness=partial_local_inputs;length_bucket=lt150;unique_uniprot;unique_known_sequence_cluster	complete_pair_mapping_confidence_pae_and_geometry_evidence_for_post_acquisition_restratification	"{""afdb_confidence"":""available_local"",""afdb_metadata"":""available_local"",""afdb_pae"":""available_local"",""afdb_structure"":""available_local"",""canonical_identity_metadata"":""available_local"",""canonical_sequence_metadata"":""available_local"",""pair_qc_source_inputs"":""available_local"",""pdb_mmcif"":""available_local"",""residue_mapping_source_inputs"":""available_local"",""sifts"":""available_local""}"	False	False	False	False	False	False
91	92	1X8Q_1	1x8q_A__Q94734	1x8q	A	Q94734	partial_local_inputs	needs_pdb_side_acquisition	"[""pdb_mmcif"",""sifts""]"	"[""pair_qc"",""residue_mapping"",""fragment_resolution"",""p0_eligibility_inputs"",""mechanism_observability_features""]"	uncertain_or_unclassified	unobserved	acquisition_panel;post_acquisition_restratification_required;non_round1_candidate;prior=uncertain_or_unclassified;prior_evidence_status=unobserved;p0_readiness=partial_local_inputs;length_bucket=150_299;unique_uniprot;unique_known_sequence_cluster	complete_pair_mapping_confidence_pae_and_geometry_evidence_for_post_acquisition_restratification	"{""afdb_confidence"":""available_local"",""afdb_metadata"":""available_local"",""afdb_pae"":""available_local"",""afdb_structure"":""available_local"",""canonical_identity_metadata"":""available_local"",""canonical_sequence_metadata"":""available_local"",""pair_qc_source_inputs"":""requires_external_acquisition"",""pdb_mmcif"":""requires_external_acquisition"",""residue_mapping_source_inputs"":""requires_external_acquisition"",""sifts"":""requires_external_acquisition""}"	True	True	False	False	False	False
88	89	1PJX_1	1pjx_A__Q7SIG4	1pjx	A	Q7SIG4	partial_local_inputs	needs_pdb_side_acquisition	"[""pdb_mmcif"",""sifts""]"	"[""pair_qc"",""residue_mapping"",""fragment_resolution"",""p0_eligibility_inputs"",""mechanism_observability_features""]"	uncertain_or_unclassified	unobserved	acquisition_panel;post_acquisition_restratification_required;non_round1_candidate;prior=uncertain_or_unclassified;prior_evidence_status=unobserved;p0_readiness=partial_local_inputs;length_bucket=300_599;unique_uniprot;unique_known_sequence_cluster	complete_pair_mapping_confidence_pae_and_geometry_evidence_for_post_acquisition_restratification	"{""afdb_confidence"":""available_local"",""afdb_metadata"":""available_local"",""afdb_pae"":""available_local"",""afdb_structure"":""available_local"",""canonical_identity_metadata"":""available_local"",""canonical_sequence_metadata"":""available_local"",""pair_qc_source_inputs"":""requires_external_acquisition"",""pdb_mmcif"":""requires_external_acquisition"",""residue_mapping_source_inputs"":""requires_external_acquisition"",""sifts"":""requires_external_acquisition""}"	True	True	False	False	False	False
165	171	4UYR_1	4uyr_A__P08640	4uyr	A	P08640	partial_local_inputs	needs_afdb_side_acquisition	"[""afdb_metadata"",""afdb_structure"",""afdb_pae"",""afdb_confidence""]"	"[""canonical_sequence_metadata_extraction"",""pair_qc"",""residue_mapping"",""fragment_resolution"",""p0_eligibility_inputs"",""mechanism_observability_features""]"	uncertain_or_unclassified	unobserved	acquisition_panel;post_acquisition_restratification_required;non_round1_candidate;prior=uncertain_or_unclassified;prior_evidence_status=unobserved;p0_readiness=partial_local_inputs;length_bucket=ge600;unique_uniprot;unique_known_sequence_cluster	complete_pair_mapping_confidence_pae_and_geometry_evidence_for_post_acquisition_restratification	"{""afdb_confidence"":""requires_external_acquisition"",""afdb_metadata"":""requires_external_acquisition"",""afdb_pae"":""requires_external_acquisition"",""afdb_structure"":""requires_external_acquisition"",""canonical_identity_metadata"":""available_local"",""canonical_sequence_metadata"":""derivable_locally_after_acquisition"",""pair_qc_source_inputs"":""requires_external_acquisition"",""pdb_mmcif"":""available_local"",""residue_mapping_source_inputs"":""requires_external_acquisition"",""sifts"":""available_local""}"	False	False	True	True	True	True
49	48	1FN8_1	1fn8_A__P35049	1fn8	A	P35049	partial_local_inputs	needs_pdb_side_acquisition	"[""pdb_mmcif"",""sifts""]"	"[""pair_qc"",""residue_mapping"",""fragment_resolution"",""p0_eligibility_inputs"",""mechanism_observability_features""]"	uncertain_or_unclassified	unobserved	acquisition_panel;post_acquisition_restratification_required;non_round1_candidate;prior=uncertain_or_unclassified;prior_evidence_status=unobserved;p0_readiness=partial_local_inputs;length_bucket=150_299;unique_uniprot;unique_known_sequence_cluster	complete_pair_mapping_confidence_pae_and_geometry_evidence_for_post_acquisition_restratification	"{""afdb_confidence"":""available_local"",""afdb_metadata"":""available_local"",""afdb_pae"":""available_local"",""afdb_structure"":""available_local"",""canonical_identity_metadata"":""available_local"",""canonical_sequence_metadata"":""available_local"",""pair_qc_source_inputs"":""requires_external_acquisition"",""pdb_mmcif"":""requires_external_acquisition"",""residue_mapping_source_inputs"":""requires_external_acquisition"",""sifts"":""requires_external_acquisition""}"	True	True	False	False	False	False
96	97	3PYP_1	3pyp_A__P16113	3pyp	A	P16113	partial_local_inputs	needs_pdb_side_acquisition	"[""pdb_mmcif"",""sifts""]"	"[""pair_qc"",""residue_mapping"",""fragment_resolution"",""p0_eligibility_inputs"",""mechanism_observability_features""]"	uncertain_or_unclassified	unobserved	acquisition_panel;post_acquisition_restratification_required;non_round1_candidate;prior=uncertain_or_unclassified;prior_evidence_status=unobserved;p0_readiness=partial_local_inputs;length_bucket=lt150;unique_uniprot;unique_known_sequence_cluster	complete_pair_mapping_confidence_pae_and_geometry_evidence_for_post_acquisition_restratification	"{""afdb_confidence"":""available_local"",""afdb_metadata"":""available_local"",""afdb_pae"":""available_local"",""afdb_structure"":""available_local"",""canonical_identity_metadata"":""available_local"",""canonical_sequence_metadata"":""available_local"",""pair_qc_source_inputs"":""requires_external_acquisition"",""pdb_mmcif"":""requires_external_acquisition"",""residue_mapping_source_inputs"":""requires_external_acquisition"",""sifts"":""requires_external_acquisition""}"	True	True	False	False	False	False
7	6	2WFI_1	2wfi_A__Q13427	2wfi	A	Q13427	partial_local_inputs	needs_afdb_side_acquisition	"[""afdb_metadata"",""afdb_structure"",""afdb_pae"",""afdb_confidence""]"	"[""canonical_sequence_metadata_extraction"",""pair_qc"",""residue_mapping"",""fragment_resolution"",""p0_eligibility_inputs"",""mechanism_observability_features""]"	uncertain_or_unclassified	unobserved	acquisition_panel;post_acquisition_restratification_required;non_round1_candidate;prior=uncertain_or_unclassified;prior_evidence_status=unobserved;p0_readiness=partial_local_inputs;length_bucket=ge600;unique_uniprot;unique_known_sequence_cluster	complete_pair_mapping_confidence_pae_and_geometry_evidence_for_post_acquisition_restratification	"{""afdb_confidence"":""requires_external_acquisition"",""afdb_metadata"":""requires_external_acquisition"",""afdb_pae"":""requires_external_acquisition"",""afdb_structure"":""requires_external_acquisition"",""canonical_identity_metadata"":""available_local"",""canonical_sequence_metadata"":""derivable_locally_after_acquisition"",""pair_qc_source_inputs"":""requires_external_acquisition"",""pdb_mmcif"":""available_local"",""residue_mapping_source_inputs"":""requires_external_acquisition"",""sifts"":""available_local""}"	False	False	True	True	True	True
57	56	5HB7_1	5hb7_A__G0S156	5hb7	A	G0S156	partial_local_inputs	needs_afdb_side_acquisition	"[""afdb_metadata"",""afdb_structure"",""afdb_pae"",""afdb_confidence""]"	"[""canonical_sequence_metadata_extraction"",""pair_qc"",""residue_mapping"",""fragment_resolution"",""p0_eligibility_inputs"",""mechanism_observability_features""]"	uncertain_or_unclassified	unobserved	acquisition_panel;post_acquisition_restratification_required;non_round1_candidate;prior=uncertain_or_unclassified;prior_evidence_status=unobserved;p0_readiness=partial_local_inputs;length_bucket=300_599;unique_uniprot;unique_known_sequence_cluster	complete_pair_mapping_confidence_pae_and_geometry_evidence_for_post_acquisition_restratification	"{""afdb_confidence"":""requires_external_acquisition"",""afdb_metadata"":""requires_external_acquisition"",""afdb_pae"":""requires_external_acquisition"",""afdb_structure"":""requires_external_acquisition"",""canonical_identity_metadata"":""available_local"",""canonical_sequence_metadata"":""derivable_locally_after_acquisition"",""pair_qc_source_inputs"":""requires_external_acquisition"",""pdb_mmcif"":""available_local"",""residue_mapping_source_inputs"":""requires_external_acquisition"",""sifts"":""available_local""}"	False	False	True	True	True	True
26	25	5MN1_1	5mn1_A__P00760	5mn1	A	P00760	partial_local_inputs	needs_pdb_side_acquisition	"[""pdb_mmcif"",""sifts""]"	"[""pair_qc"",""residue_mapping"",""fragment_resolution"",""p0_eligibility_inputs"",""mechanism_observability_features""]"	uncertain_or_unclassified	unobserved	acquisition_panel;post_acquisition_restratification_required;non_round1_candidate;prior=uncertain_or_unclassified;prior_evidence_status=unobserved;p0_readiness=partial_local_inputs;length_bucket=150_299;unique_uniprot;unique_known_sequence_cluster	complete_pair_mapping_confidence_pae_and_geometry_evidence_for_post_acquisition_restratification	"{""afdb_confidence"":""available_local"",""afdb_metadata"":""available_local"",""afdb_pae"":""available_local"",""afdb_structure"":""available_local"",""canonical_identity_metadata"":""available_local"",""canonical_sequence_metadata"":""available_local"",""pair_qc_source_inputs"":""requires_external_acquisition"",""pdb_mmcif"":""requires_external_acquisition"",""residue_mapping_source_inputs"":""requires_external_acquisition"",""sifts"":""requires_external_acquisition""}"	True	True	False	False	False	False
125	129	6S2S_1	6s2s_A__P02689	6s2s	A	P02689	partial_local_inputs	needs_pdb_side_acquisition	"[""pdb_mmcif"",""sifts""]"	"[""pair_qc"",""residue_mapping"",""fragment_resolution"",""p0_eligibility_inputs"",""mechanism_observability_features""]"	uncertain_or_unclassified	unobserved	acquisition_panel;post_acquisition_restratification_required;non_round1_candidate;prior=uncertain_or_unclassified;prior_evidence_status=unobserved;p0_readiness=partial_local_inputs;length_bucket=lt150;unique_uniprot;unique_known_sequence_cluster	complete_pair_mapping_confidence_pae_and_geometry_evidence_for_post_acquisition_restratification	"{""afdb_confidence"":""available_local"",""afdb_metadata"":""available_local"",""afdb_pae"":""available_local"",""afdb_structure"":""available_local"",""canonical_identity_metadata"":""available_local"",""canonical_sequence_metadata"":""available_local"",""pair_qc_source_inputs"":""requires_external_acquisition"",""pdb_mmcif"":""requires_external_acquisition"",""residue_mapping_source_inputs"":""requires_external_acquisition"",""sifts"":""requires_external_acquisition""}"	True	True	False	False	False	False
208	214	6FMC_1	6fmc_A__O14786	6fmc	A	O14786	partial_local_inputs	needs_afdb_side_acquisition	"[""afdb_metadata"",""afdb_structure"",""afdb_pae"",""afdb_confidence""]"	"[""canonical_sequence_metadata_extraction"",""pair_qc"",""residue_mapping"",""fragment_resolution"",""p0_eligibility_inputs"",""mechanism_observability_features""]"	uncertain_or_unclassified	unobserved	acquisition_panel;post_acquisition_restratification_required;non_round1_candidate;prior=uncertain_or_unclassified;prior_evidence_status=unobserved;p0_readiness=partial_local_inputs;length_bucket=ge600;unique_uniprot;unique_known_sequence_cluster	complete_pair_mapping_confidence_pae_and_geometry_evidence_for_post_acquisition_restratification	"{""afdb_confidence"":""requires_external_acquisition"",""afdb_metadata"":""requires_external_acquisition"",""afdb_pae"":""requires_external_acquisition"",""afdb_structure"":""requires_external_acquisition"",""canonical_identity_metadata"":""available_local"",""canonical_sequence_metadata"":""derivable_locally_after_acquisition"",""pair_qc_source_inputs"":""requires_external_acquisition"",""pdb_mmcif"":""available_local"",""residue_mapping_source_inputs"":""requires_external_acquisition"",""sifts"":""available_local""}"	False	False	True	True	True	True
177	183	4WEE_1	4wee_A__P21707	4wee	A	P21707	partial_local_inputs	needs_afdb_side_acquisition	"[""afdb_metadata"",""afdb_structure"",""afdb_pae"",""afdb_confidence""]"	"[""canonical_sequence_metadata_extraction"",""pair_qc"",""residue_mapping"",""fragment_resolution"",""p0_eligibility_inputs"",""mechanism_observability_features""]"	uncertain_or_unclassified	unobserved	acquisition_panel;post_acquisition_restratification_required;non_round1_candidate;prior=uncertain_or_unclassified;prior_evidence_status=unobserved;p0_readiness=partial_local_inputs;length_bucket=300_599;unique_uniprot;unique_known_sequence_cluster	complete_pair_mapping_confidence_pae_and_geometry_evidence_for_post_acquisition_restratification	"{""afdb_confidence"":""requires_external_acquisition"",""afdb_metadata"":""requires_external_acquisition"",""afdb_pae"":""requires_external_acquisition"",""afdb_structure"":""requires_external_acquisition"",""canonical_identity_metadata"":""available_local"",""canonical_sequence_metadata"":""derivable_locally_after_acquisition"",""pair_qc_source_inputs"":""requires_external_acquisition"",""pdb_mmcif"":""available_local"",""residue_mapping_source_inputs"":""requires_external_acquisition"",""sifts"":""available_local""}"	False	False	True	True	True	True
46	45	9CY0_1	9cy0_A__P0DTD1	9cy0	A	P0DTD1	partial_local_inputs	needs_pdb_side_acquisition	"[""pdb_mmcif"",""sifts""]"	"[""pair_qc"",""residue_mapping"",""fragment_resolution"",""p0_eligibility_inputs"",""mechanism_observability_features""]"	uncertain_or_unclassified	unobserved	acquisition_panel;post_acquisition_restratification_required;non_round1_candidate;prior=uncertain_or_unclassified;prior_evidence_status=unobserved;p0_readiness=partial_local_inputs;length_bucket=150_299;unique_uniprot;unique_known_sequence_cluster	complete_pair_mapping_confidence_pae_and_geometry_evidence_for_post_acquisition_restratification	"{""afdb_confidence"":""available_local"",""afdb_metadata"":""available_local"",""afdb_pae"":""available_local"",""afdb_structure"":""available_local"",""canonical_identity_metadata"":""available_local"",""canonical_sequence_metadata"":""available_local"",""pair_qc_source_inputs"":""requires_external_acquisition"",""pdb_mmcif"":""requires_external_acquisition"",""residue_mapping_source_inputs"":""requires_external_acquisition"",""sifts"":""requires_external_acquisition""}"	True	True	False	False	False	False
38	37	3UI4_1	3ui4_A__Q9Y237	3ui4	A	Q9Y237	partial_local_inputs	needs_afdb_side_acquisition	"[""afdb_metadata"",""afdb_structure"",""afdb_pae"",""afdb_confidence""]"	"[""canonical_sequence_metadata_extraction"",""pair_qc"",""residue_mapping"",""fragment_resolution"",""p0_eligibility_inputs"",""mechanism_observability_features""]"	uncertain_or_unclassified	unobserved	acquisition_panel;post_acquisition_restratification_required;non_round1_candidate;prior=uncertain_or_unclassified;prior_evidence_status=unobserved;p0_readiness=partial_local_inputs;length_bucket=lt150;unique_uniprot;unique_known_sequence_cluster	complete_pair_mapping_confidence_pae_and_geometry_evidence_for_post_acquisition_restratification	"{""afdb_confidence"":""requires_external_acquisition"",""afdb_metadata"":""requires_external_acquisition"",""afdb_pae"":""requires_external_acquisition"",""afdb_structure"":""requires_external_acquisition"",""canonical_identity_metadata"":""available_local"",""canonical_sequence_metadata"":""derivable_locally_after_acquisition"",""pair_qc_source_inputs"":""requires_external_acquisition"",""pdb_mmcif"":""available_local"",""residue_mapping_source_inputs"":""requires_external_acquisition"",""sifts"":""available_local""}"	False	False	True	True	True	True
103	106	5EMB_1	5emb_A__Q8K4V4	5emb	A	Q8K4V4	partial_local_inputs	needs_afdb_side_acquisition	"[""afdb_metadata"",""afdb_structure"",""afdb_pae"",""afdb_confidence""]"	"[""canonical_sequence_metadata_extraction"",""pair_qc"",""residue_mapping"",""fragment_resolution"",""p0_eligibility_inputs"",""mechanism_observability_features""]"	uncertain_or_unclassified	unobserved	acquisition_panel;post_acquisition_restratification_required;non_round1_candidate;prior=uncertain_or_unclassified;prior_evidence_status=unobserved;p0_readiness=partial_local_inputs;length_bucket=300_599;unique_uniprot;unique_known_sequence_cluster	complete_pair_mapping_confidence_pae_and_geometry_evidence_for_post_acquisition_restratification	"{""afdb_confidence"":""requires_external_acquisition"",""afdb_metadata"":""requires_external_acquisition"",""afdb_pae"":""requires_external_acquisition"",""afdb_structure"":""requires_external_acquisition"",""canonical_identity_metadata"":""available_local"",""canonical_sequence_metadata"":""derivable_locally_after_acquisition"",""pair_qc_source_inputs"":""requires_external_acquisition"",""pdb_mmcif"":""available_local"",""residue_mapping_source_inputs"":""requires_external_acquisition"",""sifts"":""available_local""}"	False	False	True	True	True	True
22	21	6JGJ_1	6jgj_A__P42212	6jgj	A	P42212	partial_local_inputs	needs_pdb_side_acquisition	"[""pdb_mmcif"",""sifts""]"	"[""pair_qc"",""residue_mapping"",""fragment_resolution"",""p0_eligibility_inputs"",""mechanism_observability_features""]"	uncertain_or_unclassified	unobserved	acquisition_panel;post_acquisition_restratification_required;non_round1_candidate;prior=uncertain_or_unclassified;prior_evidence_status=unobserved;p0_readiness=partial_local_inputs;length_bucket=150_299;unique_uniprot;unique_known_sequence_cluster	complete_pair_mapping_confidence_pae_and_geometry_evidence_for_post_acquisition_restratification	"{""afdb_confidence"":""available_local"",""afdb_metadata"":""available_local"",""afdb_pae"":""available_local"",""afdb_structure"":""available_local"",""canonical_identity_metadata"":""available_local"",""canonical_sequence_metadata"":""available_local"",""pair_qc_source_inputs"":""requires_external_acquisition"",""pdb_mmcif"":""requires_external_acquisition"",""residue_mapping_source_inputs"":""requires_external_acquisition"",""sifts"":""requires_external_acquisition""}"	True	True	False	False	False	False
119	123	2DDX_1	2ddx_A__D5MP61	2ddx	A	D5MP61	partial_local_inputs	needs_afdb_side_acquisition	"[""afdb_metadata"",""afdb_structure"",""afdb_pae"",""afdb_confidence""]"	"[""canonical_sequence_metadata_extraction"",""pair_qc"",""residue_mapping"",""fragment_resolution"",""p0_eligibility_inputs"",""mechanism_observability_features""]"	uncertain_or_unclassified	unobserved	acquisition_panel;post_acquisition_restratification_required;non_round1_candidate;prior=uncertain_or_unclassified;prior_evidence_status=unobserved;p0_readiness=partial_local_inputs;length_bucket=300_599;unique_uniprot;unique_known_sequence_cluster	complete_pair_mapping_confidence_pae_and_geometry_evidence_for_post_acquisition_restratification	"{""afdb_confidence"":""requires_external_acquisition"",""afdb_metadata"":""requires_external_acquisition"",""afdb_pae"":""requires_external_acquisition"",""afdb_structure"":""requires_external_acquisition"",""canonical_identity_metadata"":""available_local"",""canonical_sequence_metadata"":""derivable_locally_after_acquisition"",""pair_qc_source_inputs"":""requires_external_acquisition"",""pdb_mmcif"":""available_local"",""residue_mapping_source_inputs"":""requires_external_acquisition"",""sifts"":""available_local""}"	False	False	True	True	True	True
6	5	2OV0_1	2ov0_A__P22364	2ov0	A	P22364	partial_local_inputs	needs_afdb_side_acquisition	"[""afdb_metadata"",""afdb_structure"",""afdb_pae"",""afdb_confidence""]"	"[""canonical_sequence_metadata_extraction"",""pair_qc"",""residue_mapping"",""fragment_resolution"",""p0_eligibility_inputs"",""mechanism_observability_features""]"	uncertain_or_unclassified	unobserved	acquisition_panel;post_acquisition_restratification_required;non_round1_candidate;prior=uncertain_or_unclassified;prior_evidence_status=unobserved;p0_readiness=partial_local_inputs;length_bucket=lt150;unique_uniprot;unique_known_sequence_cluster	complete_pair_mapping_confidence_pae_and_geometry_evidence_for_post_acquisition_restratification	"{""afdb_confidence"":""requires_external_acquisition"",""afdb_metadata"":""requires_external_acquisition"",""afdb_pae"":""requires_external_acquisition"",""afdb_structure"":""requires_external_acquisition"",""canonical_identity_metadata"":""available_local"",""canonical_sequence_metadata"":""derivable_locally_after_acquisition"",""pair_qc_source_inputs"":""requires_external_acquisition"",""pdb_mmcif"":""available_local"",""residue_mapping_source_inputs"":""requires_external_acquisition"",""sifts"":""available_local""}"	False	False	True	True	True	True
21	20	5GV8_1	5gv8_A__P83686	5gv8	A	P83686	partial_local_inputs	needs_pdb_side_acquisition	"[""pdb_mmcif"",""sifts""]"	"[""pair_qc"",""residue_mapping"",""fragment_resolution"",""p0_eligibility_inputs"",""mechanism_observability_features""]"	uncertain_or_unclassified	unobserved	acquisition_panel;post_acquisition_restratification_required;non_round1_candidate;prior=uncertain_or_unclassified;prior_evidence_status=unobserved;p0_readiness=partial_local_inputs;length_bucket=150_299;unique_uniprot;unique_known_sequence_cluster	complete_pair_mapping_confidence_pae_and_geometry_evidence_for_post_acquisition_restratification	"{""afdb_confidence"":""available_local"",""afdb_metadata"":""available_local"",""afdb_pae"":""available_local"",""afdb_structure"":""available_local"",""canonical_identity_metadata"":""available_local"",""canonical_sequence_metadata"":""available_local"",""pair_qc_source_inputs"":""requires_external_acquisition"",""pdb_mmcif"":""requires_external_acquisition"",""residue_mapping_source_inputs"":""requires_external_acquisition"",""sifts"":""requires_external_acquisition""}"	True	True	False	False	False	False
10	9	8C5N_1	8c5n_A__Q02I11	8c5n	A	Q02I11	partial_local_inputs	needs_afdb_side_acquisition	"[""afdb_metadata"",""afdb_structure"",""afdb_pae"",""afdb_confidence""]"	"[""canonical_sequence_metadata_extraction"",""pair_qc"",""residue_mapping"",""fragment_resolution"",""p0_eligibility_inputs"",""mechanism_observability_features""]"	uncertain_or_unclassified	unobserved	acquisition_panel;post_acquisition_restratification_required;non_round1_candidate;prior=uncertain_or_unclassified;prior_evidence_status=unobserved;p0_readiness=partial_local_inputs;length_bucket=300_599;unique_uniprot;unique_known_sequence_cluster	complete_pair_mapping_confidence_pae_and_geometry_evidence_for_post_acquisition_restratification	"{""afdb_confidence"":""requires_external_acquisition"",""afdb_metadata"":""requires_external_acquisition"",""afdb_pae"":""requires_external_acquisition"",""afdb_structure"":""requires_external_acquisition"",""canonical_identity_metadata"":""available_local"",""canonical_sequence_metadata"":""derivable_locally_after_acquisition"",""pair_qc_source_inputs"":""requires_external_acquisition"",""pdb_mmcif"":""available_local"",""residue_mapping_source_inputs"":""requires_external_acquisition"",""sifts"":""available_local""}"	False	False	True	True	True	True
87	88	1MC2_1	1mc2_A__O57385	1mc2	A	O57385	partial_local_inputs	needs_afdb_side_acquisition	"[""afdb_metadata"",""afdb_structure"",""afdb_pae"",""afdb_confidence""]"	"[""canonical_sequence_metadata_extraction"",""pair_qc"",""residue_mapping"",""fragment_resolution"",""p0_eligibility_inputs"",""mechanism_observability_features""]"	uncertain_or_unclassified	unobserved	acquisition_panel;post_acquisition_restratification_required;non_round1_candidate;prior=uncertain_or_unclassified;prior_evidence_status=unobserved;p0_readiness=partial_local_inputs;length_bucket=lt150;unique_uniprot;unique_known_sequence_cluster	complete_pair_mapping_confidence_pae_and_geometry_evidence_for_post_acquisition_restratification	"{""afdb_confidence"":""requires_external_acquisition"",""afdb_metadata"":""requires_external_acquisition"",""afdb_pae"":""requires_external_acquisition"",""afdb_structure"":""requires_external_acquisition"",""canonical_identity_metadata"":""available_local"",""canonical_sequence_metadata"":""derivable_locally_after_acquisition"",""pair_qc_source_inputs"":""requires_external_acquisition"",""pdb_mmcif"":""available_local"",""residue_mapping_source_inputs"":""requires_external_acquisition"",""sifts"":""available_local""}"	False	False	True	True	True	True
156	162	5LP9_1	5lp9_A__A0A0H2V3I0	5lp9	A	A0A0H2V3I0	partial_local_inputs	needs_afdb_side_acquisition	"[""afdb_metadata"",""afdb_structure"",""afdb_pae"",""afdb_confidence""]"	"[""canonical_sequence_metadata_extraction"",""pair_qc"",""residue_mapping"",""fragment_resolution"",""p0_eligibility_inputs"",""mechanism_observability_features""]"	uncertain_or_unclassified	unobserved	acquisition_panel;post_acquisition_restratification_required;non_round1_candidate;prior=uncertain_or_unclassified;prior_evidence_status=unobserved;p0_readiness=partial_local_inputs;length_bucket=150_299;unique_uniprot;unique_known_sequence_cluster	complete_pair_mapping_confidence_pae_and_geometry_evidence_for_post_acquisition_restratification	"{""afdb_confidence"":""requires_external_acquisition"",""afdb_metadata"":""requires_external_acquisition"",""afdb_pae"":""requires_external_acquisition"",""afdb_structure"":""requires_external_acquisition"",""canonical_identity_metadata"":""available_local"",""canonical_sequence_metadata"":""derivable_locally_after_acquisition"",""pair_qc_source_inputs"":""requires_external_acquisition"",""pdb_mmcif"":""available_local"",""residue_mapping_source_inputs"":""requires_external_acquisition"",""sifts"":""available_local""}"	False	False	True	True	True	True
104	107	5RDH_1	5rdh_A__P11838	5rdh	A	P11838	partial_local_inputs	needs_afdb_side_acquisition	"[""afdb_metadata"",""afdb_structure"",""afdb_pae"",""afdb_confidence""]"	"[""canonical_sequence_metadata_extraction"",""pair_qc"",""residue_mapping"",""fragment_resolution"",""p0_eligibility_inputs"",""mechanism_observability_features""]"	uncertain_or_unclassified	unobserved	acquisition_panel;post_acquisition_restratification_required;non_round1_candidate;prior=uncertain_or_unclassified;prior_evidence_status=unobserved;p0_readiness=partial_local_inputs;length_bucket=300_599;unique_uniprot;unique_known_sequence_cluster	complete_pair_mapping_confidence_pae_and_geometry_evidence_for_post_acquisition_restratification	"{""afdb_confidence"":""requires_external_acquisition"",""afdb_metadata"":""requires_external_acquisition"",""afdb_pae"":""requires_external_acquisition"",""afdb_structure"":""requires_external_acquisition"",""canonical_identity_metadata"":""available_local"",""canonical_sequence_metadata"":""derivable_locally_after_acquisition"",""pair_qc_source_inputs"":""requires_external_acquisition"",""pdb_mmcif"":""available_local"",""residue_mapping_source_inputs"":""requires_external_acquisition"",""sifts"":""available_local""}"	False	False	True	True	True	True
77	77	2YKZ_1	2ykz_A__P00138	2ykz	A	P00138	partial_local_inputs	needs_afdb_side_acquisition	"[""afdb_metadata"",""afdb_structure"",""afdb_pae"",""afdb_confidence""]"	"[""canonical_sequence_metadata_extraction"",""pair_qc"",""residue_mapping"",""fragment_resolution"",""p0_eligibility_inputs"",""mechanism_observability_features""]"	uncertain_or_unclassified	unobserved	acquisition_panel;post_acquisition_restratification_required;non_round1_candidate;prior=uncertain_or_unclassified;prior_evidence_status=unobserved;p0_readiness=partial_local_inputs;length_bucket=lt150;unique_uniprot;unique_known_sequence_cluster	complete_pair_mapping_confidence_pae_and_geometry_evidence_for_post_acquisition_restratification	"{""afdb_confidence"":""requires_external_acquisition"",""afdb_metadata"":""requires_external_acquisition"",""afdb_pae"":""requires_external_acquisition"",""afdb_structure"":""requires_external_acquisition"",""canonical_identity_metadata"":""available_local"",""canonical_sequence_metadata"":""derivable_locally_after_acquisition"",""pair_qc_source_inputs"":""requires_external_acquisition"",""pdb_mmcif"":""available_local"",""residue_mapping_source_inputs"":""requires_external_acquisition"",""sifts"":""available_local""}"	False	False	True	True	True	True
120	124	3WDN_1	3wdn_A__P20821	3wdn	A	P20821	partial_local_inputs	needs_afdb_side_acquisition	"[""afdb_metadata"",""afdb_structure"",""afdb_pae"",""afdb_confidence""]"	"[""canonical_sequence_metadata_extraction"",""pair_qc"",""residue_mapping"",""fragment_resolution"",""p0_eligibility_inputs"",""mechanism_observability_features""]"	uncertain_or_unclassified	unobserved	acquisition_panel;post_acquisition_restratification_required;non_round1_candidate;prior=uncertain_or_unclassified;prior_evidence_status=unobserved;p0_readiness=partial_local_inputs;length_bucket=150_299;unique_uniprot;unique_known_sequence_cluster	complete_pair_mapping_confidence_pae_and_geometry_evidence_for_post_acquisition_restratification	"{""afdb_confidence"":""requires_external_acquisition"",""afdb_metadata"":""requires_external_acquisition"",""afdb_pae"":""requires_external_acquisition"",""afdb_structure"":""requires_external_acquisition"",""canonical_identity_metadata"":""available_local"",""canonical_sequence_metadata"":""derivable_locally_after_acquisition"",""pair_qc_source_inputs"":""requires_external_acquisition"",""pdb_mmcif"":""available_local"",""residue_mapping_source_inputs"":""requires_external_acquisition"",""sifts"":""available_local""}"	False	False	True	True	True	True
44	43	8W8U_1	8w8u_A__H3K419	8w8u	A	H3K419	partial_local_inputs	needs_afdb_side_acquisition	"[""afdb_metadata"",""afdb_structure"",""afdb_pae"",""afdb_confidence""]"	"[""canonical_sequence_metadata_extraction"",""pair_qc"",""residue_mapping"",""fragment_resolution"",""p0_eligibility_inputs"",""mechanism_observability_features""]"	uncertain_or_unclassified	unobserved	acquisition_panel;post_acquisition_restratification_required;non_round1_candidate;prior=uncertain_or_unclassified;prior_evidence_status=unobserved;p0_readiness=partial_local_inputs;length_bucket=300_599;unique_uniprot;unique_known_sequence_cluster	complete_pair_mapping_confidence_pae_and_geometry_evidence_for_post_acquisition_restratification	"{""afdb_confidence"":""requires_external_acquisition"",""afdb_metadata"":""requires_external_acquisition"",""afdb_pae"":""requires_external_acquisition"",""afdb_structure"":""requires_external_acquisition"",""canonical_identity_metadata"":""available_local"",""canonical_sequence_metadata"":""derivable_locally_after_acquisition"",""pair_qc_source_inputs"":""requires_external_acquisition"",""pdb_mmcif"":""available_local"",""residue_mapping_source_inputs"":""requires_external_acquisition"",""sifts"":""available_local""}"	False	False	True	True	True	True
196	202	4CE8_1	4ce8_A__Q9HYN5	4ce8	A	Q9HYN5	partial_local_inputs	needs_afdb_side_acquisition	"[""afdb_metadata"",""afdb_structure"",""afdb_pae"",""afdb_confidence""]"	"[""canonical_sequence_metadata_extraction"",""pair_qc"",""residue_mapping"",""fragment_resolution"",""p0_eligibility_inputs"",""mechanism_observability_features""]"	uncertain_or_unclassified	unobserved	acquisition_panel;post_acquisition_restratification_required;non_round1_candidate;prior=uncertain_or_unclassified;prior_evidence_status=unobserved;p0_readiness=partial_local_inputs;length_bucket=lt150;unique_uniprot;unique_known_sequence_cluster	complete_pair_mapping_confidence_pae_and_geometry_evidence_for_post_acquisition_restratification	"{""afdb_confidence"":""requires_external_acquisition"",""afdb_metadata"":""requires_external_acquisition"",""afdb_pae"":""requires_external_acquisition"",""afdb_structure"":""requires_external_acquisition"",""canonical_identity_metadata"":""available_local"",""canonical_sequence_metadata"":""derivable_locally_after_acquisition"",""pair_qc_source_inputs"":""requires_external_acquisition"",""pdb_mmcif"":""available_local"",""residue_mapping_source_inputs"":""requires_external_acquisition"",""sifts"":""available_local""}"	False	False	True	True	True	True
92	93	2F01_1	2f01_A__P22629	2f01	A	P22629	partial_local_inputs	needs_afdb_side_acquisition	"[""afdb_metadata"",""afdb_structure"",""afdb_pae"",""afdb_confidence""]"	"[""canonical_sequence_metadata_extraction"",""pair_qc"",""residue_mapping"",""fragment_resolution"",""p0_eligibility_inputs"",""mechanism_observability_features""]"	uncertain_or_unclassified	unobserved	acquisition_panel;post_acquisition_restratification_required;non_round1_candidate;prior=uncertain_or_unclassified;prior_evidence_status=unobserved;p0_readiness=partial_local_inputs;length_bucket=150_299;unique_uniprot;unique_known_sequence_cluster	complete_pair_mapping_confidence_pae_and_geometry_evidence_for_post_acquisition_restratification	"{""afdb_confidence"":""requires_external_acquisition"",""afdb_metadata"":""requires_external_acquisition"",""afdb_pae"":""requires_external_acquisition"",""afdb_structure"":""requires_external_acquisition"",""canonical_identity_metadata"":""available_local"",""canonical_sequence_metadata"":""derivable_locally_after_acquisition"",""pair_qc_source_inputs"":""requires_external_acquisition"",""pdb_mmcif"":""available_local"",""residue_mapping_source_inputs"":""requires_external_acquisition"",""sifts"":""available_local""}"	False	False	True	True	True	True
139	144	5AKR_1	5akr_A__P25006	5akr	A	P25006	partial_local_inputs	needs_afdb_side_acquisition	"[""afdb_metadata"",""afdb_structure"",""afdb_pae"",""afdb_confidence""]"	"[""canonical_sequence_metadata_extraction"",""pair_qc"",""residue_mapping"",""fragment_resolution"",""p0_eligibility_inputs"",""mechanism_observability_features""]"	uncertain_or_unclassified	unobserved	acquisition_panel;post_acquisition_restratification_required;non_round1_candidate;prior=uncertain_or_unclassified;prior_evidence_status=unobserved;p0_readiness=partial_local_inputs;length_bucket=300_599;unique_uniprot;unique_known_sequence_cluster	complete_pair_mapping_confidence_pae_and_geometry_evidence_for_post_acquisition_restratification	"{""afdb_confidence"":""requires_external_acquisition"",""afdb_metadata"":""requires_external_acquisition"",""afdb_pae"":""requires_external_acquisition"",""afdb_structure"":""requires_external_acquisition"",""canonical_identity_metadata"":""available_local"",""canonical_sequence_metadata"":""derivable_locally_after_acquisition"",""pair_qc_source_inputs"":""requires_external_acquisition"",""pdb_mmcif"":""available_local"",""residue_mapping_source_inputs"":""requires_external_acquisition"",""sifts"":""available_local""}"	False	False	True	True	True	True
16	15	5KWM_1	5kwm_A__Q54137	5kwm	A	Q54137	partial_local_inputs	needs_afdb_side_acquisition	"[""afdb_metadata"",""afdb_structure"",""afdb_pae"",""afdb_confidence""]"	"[""canonical_sequence_metadata_extraction"",""pair_qc"",""residue_mapping"",""fragment_resolution"",""p0_eligibility_inputs"",""mechanism_observability_features""]"	uncertain_or_unclassified	unobserved	acquisition_panel;post_acquisition_restratification_required;non_round1_candidate;prior=uncertain_or_unclassified;prior_evidence_status=unobserved;p0_readiness=partial_local_inputs;length_bucket=150_299;unique_uniprot;unique_known_sequence_cluster	complete_pair_mapping_confidence_pae_and_geometry_evidence_for_post_acquisition_restratification	"{""afdb_confidence"":""requires_external_acquisition"",""afdb_metadata"":""requires_external_acquisition"",""afdb_pae"":""requires_external_acquisition"",""afdb_structure"":""requires_external_acquisition"",""canonical_identity_metadata"":""available_local"",""canonical_sequence_metadata"":""derivable_locally_after_acquisition"",""pair_qc_source_inputs"":""requires_external_acquisition"",""pdb_mmcif"":""available_local"",""residue_mapping_source_inputs"":""requires_external_acquisition"",""sifts"":""available_local""}"	False	False	True	True	True	True
75	74	6TGU_1	6tgu_A__P19784	6tgu	A	P19784	partial_local_inputs	needs_afdb_side_acquisition	"[""afdb_metadata"",""afdb_structure"",""afdb_pae"",""afdb_confidence""]"	"[""canonical_sequence_metadata_extraction"",""pair_qc"",""residue_mapping"",""fragment_resolution"",""p0_eligibility_inputs"",""mechanism_observability_features""]"	uncertain_or_unclassified	unobserved	acquisition_panel;post_acquisition_restratification_required;non_round1_candidate;prior=uncertain_or_unclassified;prior_evidence_status=unobserved;p0_readiness=partial_local_inputs;length_bucket=300_599;unique_uniprot;unique_known_sequence_cluster	complete_pair_mapping_confidence_pae_and_geometry_evidence_for_post_acquisition_restratification	"{""afdb_confidence"":""requires_external_acquisition"",""afdb_metadata"":""requires_external_acquisition"",""afdb_pae"":""requires_external_acquisition"",""afdb_structure"":""requires_external_acquisition"",""canonical_identity_metadata"":""available_local"",""canonical_sequence_metadata"":""derivable_locally_after_acquisition"",""pair_qc_source_inputs"":""requires_external_acquisition"",""pdb_mmcif"":""available_local"",""residue_mapping_source_inputs"":""requires_external_acquisition"",""sifts"":""available_local""}"	False	False	True	True	True	True
80	80	6EIO_1	6eio_A__A0A023J6X7	6eio	A	A0A023J6X7	partial_local_inputs	needs_afdb_side_acquisition	"[""afdb_metadata"",""afdb_structure"",""afdb_pae"",""afdb_confidence""]"	"[""canonical_sequence_metadata_extraction"",""pair_qc"",""residue_mapping"",""fragment_resolution"",""p0_eligibility_inputs"",""mechanism_observability_features""]"	uncertain_or_unclassified	unobserved	acquisition_panel;post_acquisition_restratification_required;non_round1_candidate;prior=uncertain_or_unclassified;prior_evidence_status=unobserved;p0_readiness=partial_local_inputs;length_bucket=150_299;unique_uniprot;unique_known_sequence_cluster	complete_pair_mapping_confidence_pae_and_geometry_evidence_for_post_acquisition_restratification	"{""afdb_confidence"":""requires_external_acquisition"",""afdb_metadata"":""requires_external_acquisition"",""afdb_pae"":""requires_external_acquisition"",""afdb_structure"":""requires_external_acquisition"",""canonical_identity_metadata"":""available_local"",""canonical_sequence_metadata"":""derivable_locally_after_acquisition"",""pair_qc_source_inputs"":""requires_external_acquisition"",""pdb_mmcif"":""available_local"",""residue_mapping_source_inputs"":""requires_external_acquisition"",""sifts"":""available_local""}"	False	False	True	True	True	True
98	99	4AYO_1	4ayo_A__B0SWV2	4ayo	A	B0SWV2	partial_local_inputs	needs_afdb_side_acquisition	"[""afdb_metadata"",""afdb_structure"",""afdb_pae"",""afdb_confidence""]"	"[""canonical_sequence_metadata_extraction"",""pair_qc"",""residue_mapping"",""fragment_resolution"",""p0_eligibility_inputs"",""mechanism_observability_features""]"	uncertain_or_unclassified	unobserved	acquisition_panel;post_acquisition_restratification_required;non_round1_candidate;prior=uncertain_or_unclassified;prior_evidence_status=unobserved;p0_readiness=partial_local_inputs;length_bucket=300_599;unique_uniprot;unique_known_sequence_cluster	complete_pair_mapping_confidence_pae_and_geometry_evidence_for_post_acquisition_restratification	"{""afdb_confidence"":""requires_external_acquisition"",""afdb_metadata"":""requires_external_acquisition"",""afdb_pae"":""requires_external_acquisition"",""afdb_structure"":""requires_external_acquisition"",""canonical_identity_metadata"":""available_local"",""canonical_sequence_metadata"":""derivable_locally_after_acquisition"",""pair_qc_source_inputs"":""requires_external_acquisition"",""pdb_mmcif"":""available_local"",""residue_mapping_source_inputs"":""requires_external_acquisition"",""sifts"":""available_local""}"	False	False	True	True	True	True
3	2	4ZM7_1	4zm7_A__B3Y002	4zm7	A	B3Y002	partial_local_inputs	needs_afdb_side_acquisition	"[""afdb_metadata"",""afdb_structure"",""afdb_pae"",""afdb_confidence""]"	"[""canonical_sequence_metadata_extraction"",""pair_qc"",""residue_mapping"",""fragment_resolution"",""p0_eligibility_inputs"",""mechanism_observability_features""]"	uncertain_or_unclassified	unobserved	acquisition_panel;post_acquisition_restratification_required;non_round1_candidate;prior=uncertain_or_unclassified;prior_evidence_status=unobserved;p0_readiness=partial_local_inputs;length_bucket=150_299;unique_uniprot;unique_known_sequence_cluster	complete_pair_mapping_confidence_pae_and_geometry_evidence_for_post_acquisition_restratification	"{""afdb_confidence"":""requires_external_acquisition"",""afdb_metadata"":""requires_external_acquisition"",""afdb_pae"":""requires_external_acquisition"",""afdb_structure"":""requires_external_acquisition"",""canonical_identity_metadata"":""available_local"",""canonical_sequence_metadata"":""derivable_locally_after_acquisition"",""pair_qc_source_inputs"":""requires_external_acquisition"",""pdb_mmcif"":""available_local"",""residue_mapping_source_inputs"":""requires_external_acquisition"",""sifts"":""available_local""}"	False	False	True	True	True	True
167	173	6KFN_1	6kfn_A__A0A5S8WF57	6kfn	A	A0A5S8WF57	partial_local_inputs	needs_afdb_side_acquisition	"[""afdb_metadata"",""afdb_structure"",""afdb_pae"",""afdb_confidence""]"	"[""canonical_sequence_metadata_extraction"",""pair_qc"",""residue_mapping"",""fragment_resolution"",""p0_eligibility_inputs"",""mechanism_observability_features""]"	uncertain_or_unclassified	unobserved	acquisition_panel;post_acquisition_restratification_required;non_round1_candidate;prior=uncertain_or_unclassified;prior_evidence_status=unobserved;p0_readiness=partial_local_inputs;length_bucket=300_599;unique_uniprot;unique_known_sequence_cluster	complete_pair_mapping_confidence_pae_and_geometry_evidence_for_post_acquisition_restratification	"{""afdb_confidence"":""requires_external_acquisition"",""afdb_metadata"":""requires_external_acquisition"",""afdb_pae"":""requires_external_acquisition"",""afdb_structure"":""requires_external_acquisition"",""canonical_identity_metadata"":""available_local"",""canonical_sequence_metadata"":""derivable_locally_after_acquisition"",""pair_qc_source_inputs"":""requires_external_acquisition"",""pdb_mmcif"":""available_local"",""residue_mapping_source_inputs"":""requires_external_acquisition"",""sifts"":""available_local""}"	False	False	True	True	True	True
176	182	9QDV_1	9qdv_A__A0A918GGJ7	9qdv	A	A0A918GGJ7	partial_local_inputs	needs_afdb_side_acquisition	"[""afdb_metadata"",""afdb_structure"",""afdb_pae"",""afdb_confidence""]"	"[""canonical_sequence_metadata_extraction"",""pair_qc"",""residue_mapping"",""fragment_resolution"",""p0_eligibility_inputs"",""mechanism_observability_features""]"	uncertain_or_unclassified	unobserved	acquisition_panel;post_acquisition_restratification_required;non_round1_candidate;prior=uncertain_or_unclassified;prior_evidence_status=unobserved;p0_readiness=partial_local_inputs;length_bucket=150_299;unique_uniprot;unique_known_sequence_cluster	complete_pair_mapping_confidence_pae_and_geometry_evidence_for_post_acquisition_restratification	"{""afdb_confidence"":""requires_external_acquisition"",""afdb_metadata"":""requires_external_acquisition"",""afdb_pae"":""requires_external_acquisition"",""afdb_structure"":""requires_external_acquisition"",""canonical_identity_metadata"":""available_local"",""canonical_sequence_metadata"":""derivable_locally_after_acquisition"",""pair_qc_source_inputs"":""requires_external_acquisition"",""pdb_mmcif"":""available_local"",""residue_mapping_source_inputs"":""requires_external_acquisition"",""sifts"":""available_local""}"	False	False	True	True	True	True
183	189	1VYR_1	1vyr_A__P71278	1vyr	A	P71278	partial_local_inputs	needs_afdb_side_acquisition	"[""afdb_metadata"",""afdb_structure"",""afdb_pae"",""afdb_confidence""]"	"[""canonical_sequence_metadata_extraction"",""pair_qc"",""residue_mapping"",""fragment_resolution"",""p0_eligibility_inputs"",""mechanism_observability_features""]"	uncertain_or_unclassified	unobserved	acquisition_panel;post_acquisition_restratification_required;non_round1_candidate;prior=uncertain_or_unclassified;prior_evidence_status=unobserved;p0_readiness=partial_local_inputs;length_bucket=300_599;unique_uniprot;unique_known_sequence_cluster	complete_pair_mapping_confidence_pae_and_geometry_evidence_for_post_acquisition_restratification	"{""afdb_confidence"":""requires_external_acquisition"",""afdb_metadata"":""requires_external_acquisition"",""afdb_pae"":""requires_external_acquisition"",""afdb_structure"":""requires_external_acquisition"",""canonical_identity_metadata"":""available_local"",""canonical_sequence_metadata"":""derivable_locally_after_acquisition"",""pair_qc_source_inputs"":""requires_external_acquisition"",""pdb_mmcif"":""available_local"",""residue_mapping_source_inputs"":""requires_external_acquisition"",""sifts"":""available_local""}"	False	False	True	True	True	True
197	203	4EA9_1	4ea9_A__O85353	4ea9	A	O85353	partial_local_inputs	needs_afdb_side_acquisition	"[""afdb_metadata"",""afdb_structure"",""afdb_pae"",""afdb_confidence""]"	"[""canonical_sequence_metadata_extraction"",""pair_qc"",""residue_mapping"",""fragment_resolution"",""p0_eligibility_inputs"",""mechanism_observability_features""]"	uncertain_or_unclassified	unobserved	acquisition_panel;post_acquisition_restratification_required;non_round1_candidate;prior=uncertain_or_unclassified;prior_evidence_status=unobserved;p0_readiness=partial_local_inputs;length_bucket=150_299;unique_uniprot;unique_known_sequence_cluster	complete_pair_mapping_confidence_pae_and_geometry_evidence_for_post_acquisition_restratification	"{""afdb_confidence"":""requires_external_acquisition"",""afdb_metadata"":""requires_external_acquisition"",""afdb_pae"":""requires_external_acquisition"",""afdb_structure"":""requires_external_acquisition"",""canonical_identity_metadata"":""available_local"",""canonical_sequence_metadata"":""derivable_locally_after_acquisition"",""pair_qc_source_inputs"":""requires_external_acquisition"",""pdb_mmcif"":""available_local"",""residue_mapping_source_inputs"":""requires_external_acquisition"",""sifts"":""available_local""}"	False	False	True	True	True	True
2	1	1US0_1	1us0_A__P15121	1us0	A	P15121	partial_local_inputs	needs_afdb_side_acquisition	"[""afdb_metadata"",""afdb_structure"",""afdb_pae"",""afdb_confidence""]"	"[""canonical_sequence_metadata_extraction"",""pair_qc"",""residue_mapping"",""fragment_resolution"",""p0_eligibility_inputs"",""mechanism_observability_features""]"	uncertain_or_unclassified	unobserved	acquisition_panel;post_acquisition_restratification_required;non_round1_candidate;prior=uncertain_or_unclassified;prior_evidence_status=unobserved;p0_readiness=partial_local_inputs;length_bucket=300_599;unique_uniprot;unique_known_sequence_cluster	complete_pair_mapping_confidence_pae_and_geometry_evidence_for_post_acquisition_restratification	"{""afdb_confidence"":""requires_external_acquisition"",""afdb_metadata"":""requires_external_acquisition"",""afdb_pae"":""requires_external_acquisition"",""afdb_structure"":""requires_external_acquisition"",""canonical_identity_metadata"":""available_local"",""canonical_sequence_metadata"":""derivable_locally_after_acquisition"",""pair_qc_source_inputs"":""requires_external_acquisition"",""pdb_mmcif"":""available_local"",""residue_mapping_source_inputs"":""requires_external_acquisition"",""sifts"":""available_local""}"	False	False	True	True	True	True
155	161	9YGW_1	9ygw_A__Q46948	9ygw	A	Q46948	partial_local_inputs	needs_afdb_side_acquisition	"[""afdb_metadata"",""afdb_structure"",""afdb_pae"",""afdb_confidence""]"	"[""canonical_sequence_metadata_extraction"",""pair_qc"",""residue_mapping"",""fragment_resolution"",""p0_eligibility_inputs"",""mechanism_observability_features""]"	uncertain_or_unclassified	unobserved	acquisition_panel;post_acquisition_restratification_required;non_round1_candidate;prior=uncertain_or_unclassified;prior_evidence_status=unobserved;p0_readiness=partial_local_inputs;length_bucket=150_299;unique_uniprot;unique_known_sequence_cluster	complete_pair_mapping_confidence_pae_and_geometry_evidence_for_post_acquisition_restratification	"{""afdb_confidence"":""requires_external_acquisition"",""afdb_metadata"":""requires_external_acquisition"",""afdb_pae"":""requires_external_acquisition"",""afdb_structure"":""requires_external_acquisition"",""canonical_identity_metadata"":""available_local"",""canonical_sequence_metadata"":""derivable_locally_after_acquisition"",""pair_qc_source_inputs"":""requires_external_acquisition"",""pdb_mmcif"":""available_local"",""residue_mapping_source_inputs"":""requires_external_acquisition"",""sifts"":""available_local""}"	False	False	True	True	True	True
200	206	5AVH_1	5avh_A__P24300	5avh	A	P24300	partial_local_inputs	needs_afdb_side_acquisition	"[""afdb_metadata"",""afdb_structure"",""afdb_pae"",""afdb_confidence""]"	"[""canonical_sequence_metadata_extraction"",""pair_qc"",""residue_mapping"",""fragment_resolution"",""p0_eligibility_inputs"",""mechanism_observability_features""]"	uncertain_or_unclassified	unobserved	acquisition_panel;post_acquisition_restratification_required;non_round1_candidate;prior=uncertain_or_unclassified;prior_evidence_status=unobserved;p0_readiness=partial_local_inputs;length_bucket=300_599;unique_uniprot;unique_known_sequence_cluster	complete_pair_mapping_confidence_pae_and_geometry_evidence_for_post_acquisition_restratification	"{""afdb_confidence"":""requires_external_acquisition"",""afdb_metadata"":""requires_external_acquisition"",""afdb_pae"":""requires_external_acquisition"",""afdb_structure"":""requires_external_acquisition"",""canonical_identity_metadata"":""available_local"",""canonical_sequence_metadata"":""derivable_locally_after_acquisition"",""pair_qc_source_inputs"":""requires_external_acquisition"",""pdb_mmcif"":""available_local"",""residue_mapping_source_inputs"":""requires_external_acquisition"",""sifts"":""available_local""}"	False	False	True	True	True	True
206	212	5Y2S_1	5y2s_A__P00918	5y2s	A	P00918	partial_local_inputs	needs_afdb_side_acquisition	"[""afdb_metadata"",""afdb_structure"",""afdb_pae"",""afdb_confidence""]"	"[""canonical_sequence_metadata_extraction"",""pair_qc"",""residue_mapping"",""fragment_resolution"",""p0_eligibility_inputs"",""mechanism_observability_features""]"	uncertain_or_unclassified	unobserved	acquisition_panel;post_acquisition_restratification_required;non_round1_candidate;prior=uncertain_or_unclassified;prior_evidence_status=unobserved;p0_readiness=partial_local_inputs;length_bucket=150_299;unique_uniprot;unique_known_sequence_cluster	complete_pair_mapping_confidence_pae_and_geometry_evidence_for_post_acquisition_restratification	"{""afdb_confidence"":""requires_external_acquisition"",""afdb_metadata"":""requires_external_acquisition"",""afdb_pae"":""requires_external_acquisition"",""afdb_structure"":""requires_external_acquisition"",""canonical_identity_metadata"":""available_local"",""canonical_sequence_metadata"":""derivable_locally_after_acquisition"",""pair_qc_source_inputs"":""requires_external_acquisition"",""pdb_mmcif"":""available_local"",""residue_mapping_source_inputs"":""requires_external_acquisition"",""sifts"":""available_local""}"	False	False	True	True	True	True
13	12	5YCE_1	5yce_A__P02185	5yce	A	P02185	partial_local_inputs	needs_afdb_side_acquisition	"[""afdb_metadata"",""afdb_structure"",""afdb_pae"",""afdb_confidence""]"	"[""canonical_sequence_metadata_extraction"",""pair_qc"",""residue_mapping"",""fragment_resolution"",""p0_eligibility_inputs"",""mechanism_observability_features""]"	uncertain_or_unclassified	unobserved	acquisition_panel;post_acquisition_restratification_required;non_round1_candidate;prior=uncertain_or_unclassified;prior_evidence_status=unobserved;p0_readiness=partial_local_inputs;length_bucket=150_299;unique_uniprot;unique_known_sequence_cluster	complete_pair_mapping_confidence_pae_and_geometry_evidence_for_post_acquisition_restratification	"{""afdb_confidence"":""requires_external_acquisition"",""afdb_metadata"":""requires_external_acquisition"",""afdb_pae"":""requires_external_acquisition"",""afdb_structure"":""requires_external_acquisition"",""canonical_identity_metadata"":""available_local"",""canonical_sequence_metadata"":""derivable_locally_after_acquisition"",""pair_qc_source_inputs"":""requires_external_acquisition"",""pdb_mmcif"":""available_local"",""residue_mapping_source_inputs"":""requires_external_acquisition"",""sifts"":""available_local""}"	False	False	True	True	True	True
61	60	2VXN_1	2vxn_A__P48499	2vxn	A	P48499	partial_local_inputs	needs_afdb_side_acquisition	"[""afdb_metadata"",""afdb_structure"",""afdb_pae"",""afdb_confidence""]"	"[""canonical_sequence_metadata_extraction"",""pair_qc"",""residue_mapping"",""fragment_resolution"",""p0_eligibility_inputs"",""mechanism_observability_features""]"	uncertain_or_unclassified	unobserved	acquisition_panel;post_acquisition_restratification_required;non_round1_candidate;prior=uncertain_or_unclassified;prior_evidence_status=unobserved;p0_readiness=partial_local_inputs;length_bucket=150_299;unique_uniprot;unique_known_sequence_cluster	complete_pair_mapping_confidence_pae_and_geometry_evidence_for_post_acquisition_restratification	"{""afdb_confidence"":""requires_external_acquisition"",""afdb_metadata"":""requires_external_acquisition"",""afdb_pae"":""requires_external_acquisition"",""afdb_structure"":""requires_external_acquisition"",""canonical_identity_metadata"":""available_local"",""canonical_sequence_metadata"":""derivable_locally_after_acquisition"",""pair_qc_source_inputs"":""requires_external_acquisition"",""pdb_mmcif"":""available_local"",""residue_mapping_source_inputs"":""requires_external_acquisition"",""sifts"":""available_local""}"	False	False	True	True	True	True
173	179	9MXN_1	9mxn_A__Q4K977	9mxn	A	Q4K977	partial_local_inputs	needs_afdb_side_acquisition	"[""afdb_metadata"",""afdb_structure"",""afdb_pae"",""afdb_confidence""]"	"[""canonical_sequence_metadata_extraction"",""pair_qc"",""residue_mapping"",""fragment_resolution"",""p0_eligibility_inputs"",""mechanism_observability_features""]"	uncertain_or_unclassified	unobserved	acquisition_panel;post_acquisition_restratification_required;non_round1_candidate;prior=uncertain_or_unclassified;prior_evidence_status=unobserved;p0_readiness=partial_local_inputs;length_bucket=150_299;unique_uniprot;unique_known_sequence_cluster	complete_pair_mapping_confidence_pae_and_geometry_evidence_for_post_acquisition_restratification	"{""afdb_confidence"":""requires_external_acquisition"",""afdb_metadata"":""requires_external_acquisition"",""afdb_pae"":""requires_external_acquisition"",""afdb_structure"":""requires_external_acquisition"",""canonical_identity_metadata"":""available_local"",""canonical_sequence_metadata"":""derivable_locally_after_acquisition"",""pair_qc_source_inputs"":""requires_external_acquisition"",""pdb_mmcif"":""available_local"",""residue_mapping_source_inputs"":""requires_external_acquisition"",""sifts"":""available_local""}"	False	False	True	True	True	True
199	205	4NSV_1	4nsv_A__Q7M135	4nsv	A	Q7M135	partial_local_inputs	needs_afdb_side_acquisition	"[""afdb_metadata"",""afdb_structure"",""afdb_pae"",""afdb_confidence""]"	"[""canonical_sequence_metadata_extraction"",""pair_qc"",""residue_mapping"",""fragment_resolution"",""p0_eligibility_inputs"",""mechanism_observability_features""]"	uncertain_or_unclassified	unobserved	acquisition_panel;post_acquisition_restratification_required;non_round1_candidate;prior=uncertain_or_unclassified;prior_evidence_status=unobserved;p0_readiness=partial_local_inputs;length_bucket=150_299;unique_uniprot;unique_known_sequence_cluster	complete_pair_mapping_confidence_pae_and_geometry_evidence_for_post_acquisition_restratification	"{""afdb_confidence"":""requires_external_acquisition"",""afdb_metadata"":""requires_external_acquisition"",""afdb_pae"":""requires_external_acquisition"",""afdb_structure"":""requires_external_acquisition"",""canonical_identity_metadata"":""available_local"",""canonical_sequence_metadata"":""derivable_locally_after_acquisition"",""pair_qc_source_inputs"":""requires_external_acquisition"",""pdb_mmcif"":""available_local"",""residue_mapping_source_inputs"":""requires_external_acquisition"",""sifts"":""available_local""}"	False	False	True	True	True	True
179	185	1IX9_1	1ix9_A__P00448	1ix9	A	P00448	partial_local_inputs	needs_afdb_side_acquisition	"[""afdb_metadata"",""afdb_structure"",""afdb_pae"",""afdb_confidence""]"	"[""canonical_sequence_metadata_extraction"",""pair_qc"",""residue_mapping"",""fragment_resolution"",""p0_eligibility_inputs"",""mechanism_observability_features""]"	uncertain_or_unclassified	unobserved	acquisition_panel;post_acquisition_restratification_required;non_round1_candidate;prior=uncertain_or_unclassified;prior_evidence_status=unobserved;p0_readiness=partial_local_inputs;length_bucket=150_299;unique_uniprot;unique_known_sequence_cluster	complete_pair_mapping_confidence_pae_and_geometry_evidence_for_post_acquisition_restratification	"{""afdb_confidence"":""requires_external_acquisition"",""afdb_metadata"":""requires_external_acquisition"",""afdb_pae"":""requires_external_acquisition"",""afdb_structure"":""requires_external_acquisition"",""canonical_identity_metadata"":""available_local"",""canonical_sequence_metadata"":""derivable_locally_after_acquisition"",""pair_qc_source_inputs"":""requires_external_acquisition"",""pdb_mmcif"":""available_local"",""residue_mapping_source_inputs"":""requires_external_acquisition"",""sifts"":""available_local""}"	False	False	True	True	True	True
24	23	7A5M_1	7a5m_A__Q8N8S7	7a5m	A	Q8N8S7	insufficient_local_evidence	needs_both_structure_sides	"[""pdb_mmcif"",""sifts"",""afdb_metadata"",""afdb_structure"",""afdb_pae"",""afdb_confidence""]"	"[""canonical_sequence_metadata_extraction"",""pair_qc"",""residue_mapping"",""fragment_resolution"",""p0_eligibility_inputs"",""mechanism_observability_features""]"	uncertain_or_unclassified	unobserved	acquisition_panel;post_acquisition_restratification_required;non_round1_candidate;prior=uncertain_or_unclassified;prior_evidence_status=unobserved;p0_readiness=insufficient_local_evidence;length_bucket=lt150;unique_uniprot;unique_known_sequence_cluster	complete_pair_mapping_confidence_pae_and_geometry_evidence_for_post_acquisition_restratification	"{""afdb_confidence"":""requires_external_acquisition"",""afdb_metadata"":""requires_external_acquisition"",""afdb_pae"":""requires_external_acquisition"",""afdb_structure"":""requires_external_acquisition"",""canonical_identity_metadata"":""available_local"",""canonical_sequence_metadata"":""derivable_locally_after_acquisition"",""pair_qc_source_inputs"":""requires_external_acquisition"",""pdb_mmcif"":""requires_external_acquisition"",""residue_mapping_source_inputs"":""requires_external_acquisition"",""sifts"":""requires_external_acquisition""}"	True	True	True	True	True	True
