screening_index	pdb_id	chain_id	uniprot_id	provisional_stratum	discovery_length	mapped_residue_count	uniprot_length	pdb_entity_length	full_length_mapping_coverage	entity_mapping_coverage	sequence_identity	observed_ca_count	observed_ca_fraction_of_mapped	first_mapped_uniprot_position	last_mapped_uniprot_position	n_terminal_unmapped_count	c_terminal_unmapped_count	internal_unmapped_count	internal_unmapped_fraction	pdb_to_uniprot_length_ratio	preflight_status	preflight_reason	afdb_model_entity_id	afdb_version	runtime_seconds	error
1	2vb1	A	P00698	high_global_confidence	129	129	147	129	0.8775510204081632	1.0	1.0	129	1.0	19	147	18	0	0	0.0	0.8775510204081632	warn_construct_difference	Construct or precursor difference; retain only as an edge-case control.	AF-P00698-F1	6	2.918338692979887	
2	4i8h	A	P00760	high_global_confidence	223	223	246	223	0.9065040650406504	1.0	1.0	223	1.0	24	246	23	0	0	0.0	0.9065040650406504	pass_full_length	Suitable for the main A0 screening pipeline.	AF-P00760-F1	6	2.959785314043984	
3	4zm7	A	B3Y002	high_global_confidence	180	180	206	180	0.8737864077669902	1.0	0.9944444444444445	180	1.0	27	206	26	0	0	0.0	0.8737864077669902	warn_construct_difference	Construct or precursor difference; retain only as an edge-case control.	AF-B3Y002-F1	6	2.7677459670230746	
4	6l27	A	P42212	high_global_confidence	227	228	238	227	0.957983193277311	1.0044052863436124	0.9777777777777777	225	0.9868421052631579	4	231	3	7	0	0.0	0.9537815126050421	pass_full_length	Suitable for the main A0 screening pipeline.	AF-P42212-F1	6	2.8760874629952013	
5	6s2m	A	P02689	high_global_confidence	133	132	132	133	1.0	0.9924812030075187	1.0	132	1.0	1	132	0	0	0	0.0	1.0075757575757576	pass_full_length	Suitable for the main A0 screening pipeline.	AF-P02689-F1	6	2.6317594801075757	
6	1gci	A	P29600	high_global_confidence	269	269	269	269	1.0	1.0	1.0	269	1.0	1	269	0	0	0	0.0	1.0	pass_full_length	Suitable for the main A0 screening pipeline.	AF-P29600-F1	6	2.9130707141011953	
7	5yce	A	P02185	high_global_confidence	154	154	154	154	1.0	1.0	1.0	151	0.9805194805194806	1	154	0	0	0	0.0	1.0	pass_full_length	Suitable for the main A0 screening pipeline.	AF-P02185-F1	6	2.7752413998823613	
8	3w5h	A	P83686	high_global_confidence	272	272	272	272	1.0	1.0	1.0	272	1.0	1	272	0	0	0	0.0	1.0	pass_full_length	Suitable for the main A0 screening pipeline.	AF-P83686-F1	6	3.136518791085109	
9	7kr0	A	P0DTD1	high_global_confidence	173	169	126	173	1.3412698412698412	0.976878612716763	1.0	169	1.0	1024	1192	1023	-1066	0	0.0	1.373015873015873	pass_full_length	Suitable for the main A0 screening pipeline.	AF-0000000365840311	1	3.087555723031983	
10	6zm8	A	A0A7S6K8E4	high_global_confidence	208	208	227	208	0.9162995594713657	1.0	1.0	208	1.0	20	227	19	0	0	0.0	0.9162995594713657	pass_full_length	Suitable for the main A0 screening pipeline.	AF-A0A7S6K8E4-F1	6	3.0268872249871492	
11	2wfi	A	Q13427	lower_global_confidence	179	177	754	179	0.23474801061007958	0.9888268156424581	1.0	172	0.9717514124293786	1	177	0	577	0	0.0	0.23740053050397877	fail_preflight	low_full_length_mapping_coverage	AF-Q13427-F1	6	2.8720733451191336	
12	4uyr	A	P08640	lower_global_confidence	211	190	1367	211	0.1389904901243599	0.9004739336492891	1.0	177	0.9315789473684211	22	211	21	1156	0	0.0	0.15435259692757863	fail_preflight	low_full_length_mapping_coverage	AF-P08640-F1	6	2.6798429409973323	
13	3ui4	A	Q9Y237	lower_global_confidence	101	96	131	101	0.732824427480916	0.9504950495049505	1.0	96	1.0	36	131	35	0	0	0.0	0.7709923664122137	warn_construct_difference	Construct or precursor difference; retain only as an edge-case control.	AF-Q9Y237-F1	6	2.5491316909901798	
14	5hb7	A	G0S156	lower_global_confidence	125	121	426	125	0.284037558685446	0.968	1.0	121	1.0	133	253	132	173	0	0.0	0.2934272300469484	fail_preflight	low_full_length_mapping_coverage	AF-G0S156-F1	6	2.740898656891659	
15	3wdn	A	P20821	lower_global_confidence	125	125	173	125	0.7225433526011561	1.0	1.0	125	1.0	49	173	48	0	0	0.0	0.7225433526011561	warn_construct_difference	Construct or precursor difference; retain only as an edge-case control.	AF-P20821-F1	6	2.599722367944196	
16	5lp9	A	A0A0H2V3I0	lower_global_confidence	162	161	182	162	0.8846153846153846	0.9938271604938271	1.0	160	0.9937888198757764	22	182	21	0	0	0.0	0.8901098901098901	warn_construct_difference	Construct or precursor difference; retain only as an edge-case control.	AF-A0A0H2V3I0-F1	6	2.8298358807805926	
17	4wee	A	P21707	lower_global_confidence	144	127	421	144	0.3016627078384798	0.8819444444444444	1.0	126	0.9921259842519685	140	266	139	155	0	0.0	0.342042755344418	fail_preflight	low_full_length_mapping_coverage;incomplete_entity_mapping	AF-P21707-F1	6	2.7954483691137284	
18	6fmc	A	O14786	lower_global_confidence	158	155	923	158	0.16793066088840736	0.9810126582278481	1.0	155	1.0	273	427	272	496	0	0.0	0.17118093174431204	fail_preflight	low_full_length_mapping_coverage	AF-O14786-F1	6	2.869296496035531	
19	2f01	A	P22629	lower_global_confidence	127	127	183	127	0.6939890710382514	1.0	1.0	121	0.952755905511811	37	163	36	20	0	0.0	0.6939890710382514	fail_preflight	low_full_length_mapping_coverage	AF-P22629-F1	6	2.6967536550946534	
20	5emb	A	Q8K4V4	lower_global_confidence	101	95	539	101	0.17625231910946196	0.9405940594059405	1.0	95	1.0	39	133	38	406	0	0.0	0.18738404452690166	fail_preflight	low_full_length_mapping_coverage	AF-Q8K4V4-F1	6	2.4492235139478	
21	4rek	A	P12676	long_backbone_proxy	499	499	546	499	0.9139194139194139	1.0	1.0	498	0.9979959919839679	46	544	45	2	0	0.0	0.9139194139194139	pass_full_length	Suitable for the main A0 screening pipeline.	AF-P12676-F1	6	3.588823769008741	
22	7af2	AAA	P29768	long_backbone_proxy	379	379	382	379	0.9921465968586387	1.0	0.9973614775725593	379	1.0	4	382	3	0	0	0.0	0.9921465968586387	pass_full_length	Suitable for the main A0 screening pipeline.	AF-P29768-F1	6	3.5793136849533767	
23	8w8u	A	H3K419	long_backbone_proxy	358	358	439	358	0.8154897494305239	1.0	1.0	358	1.0	82	439	81	0	0	0.0	0.8154897494305239	warn_construct_difference	Construct or precursor difference; retain only as an edge-case control.	AF-H3K419-F1	6	3.012285409029573	
24	3o4p	A	Q7SIG4	long_backbone_proxy	314	314	314	314	1.0	1.0	1.0	314	1.0	1	314	0	0	0	0.0	1.0	pass_full_length	Suitable for the main A0 screening pipeline.	AF-Q7SIG4-F1	6	3.2654924672096968	
25	7bbx	A	Q5F6E9	long_backbone_proxy	352	351	351	352	1.0	0.9971590909090909	0.9971509971509972	351	1.0	1	351	0	0	0	0.0	1.002849002849003	pass_full_length	Suitable for the main A0 screening pipeline.	AF-Q5F6E9-F1	6	3.675086272880435	
26	4ayo	A	B0SWV2	long_backbone_proxy	447	436	462	447	0.9437229437229437	0.9753914988814317	1.0	434	0.9954128440366973	27	462	26	0	0	0.0	0.9675324675324676	pass_full_length	Suitable for the main A0 screening pipeline.	AF-B0SWV2-F1	6	3.2369321559090167	
27	5rdh	A	P11838	long_backbone_proxy	419	419	419	419	1.0	1.0	1.0	330	0.7875894988066826	1	419	0	0	0	0.0	1.0	fail_preflight	missing_observed_ca	AF-P11838-F1	6	2.8571706649381667	
28	1muw	A	P15587	long_backbone_proxy	386	386	387	386	0.9974160206718347	1.0	0.9974093264248705	386	1.0	2	387	1	0	0	0.0	0.9974160206718347	pass_full_length	Suitable for the main A0 screening pipeline.	AF-P15587-F1	6	3.041064457036555	
29	2ddx	A	D5MP61	long_backbone_proxy	333	327	576	333	0.5677083333333334	0.9819819819819819	1.0	324	0.9908256880733946	23	349	22	227	0	0.0	0.578125	fail_preflight	low_full_length_mapping_coverage	AF-D5MP61-F1	6	2.6735521520022303	
30	5akr	A	P25006	long_backbone_proxy	378	378	378	378	1.0	1.0	1.0	337	0.8915343915343915	1	378	0	0	0	0.0	1.0	fail_preflight	missing_observed_ca	AF-P25006-F1	6	3.1160986230242997	
31	2ov0	A	P22364	balanced_background	105	105	131	105	0.8015267175572519	1.0	1.0	105	1.0	27	131	26	0	0	0.0	0.8015267175572519	warn_construct_difference	Construct or precursor difference; retain only as an edge-case control.	AF-P22364-F1	6	2.6714108930900693	
32	8c5n	A	Q02I11	balanced_background	193	187	389	193	0.480719794344473	0.9689119170984456	1.0	186	0.9946524064171123	26	212	25	177	0	0.0	0.4961439588688946	fail_preflight	low_full_length_mapping_coverage	AF-Q02I11-F1	6	2.7024916510563344	
33	1mc2	A	O57385	balanced_background	122	122	138	122	0.8840579710144928	1.0	1.0	122	1.0	17	138	16	0	0	0.0	0.8840579710144928	warn_construct_difference	Construct or precursor difference; retain only as an edge-case control.	AF-O57385-F1	6	2.53574465517886	
34	5kwm	A	Q54137	balanced_background	230	230	272	230	0.8455882352941176	1.0	1.0	222	0.9652173913043478	43	272	42	0	0	0.0	0.8455882352941176	warn_construct_difference	Construct or precursor difference; retain only as an edge-case control.	AF-Q54137-F1	6	2.815933772129938	
35	1x8p	A	Q94734	balanced_background	184	184	205	184	0.8975609756097561	1.0	1.0	184	1.0	22	205	21	0	0	0.0	0.8975609756097561	warn_construct_difference	Construct or precursor difference; retain only as an edge-case control.	AF-Q94734-F1	6	2.8210643008351326	
36	3zoj	A	F2QVG4	balanced_background	279	279	279	279	1.0	1.0	1.0	263	0.942652329749104	1	279	0	0	0	0.0	1.0	pass_full_length	Suitable for the main A0 screening pipeline.	AF-F2QVG4-F1	6	3.1980555062182248	
