candidate_index	canonical_source_row	polymer_entity_id	pair_id	historical_screening_index	PDB	chain	UniProt	sequence_cluster	protein_family_if_available	canonical_uniprot_length	mapped_length	mapping_coverage	identity_source_available	mapping_available	pair_qc_status	local_PDB_available	local_AFDB_available	local_PAE_available	local_pLDDT_available	fragment_metadata_available	fragment_count	single_fragment_full_coverage_possible	PDB_CA_coverage_proxy	missing_residue_proxy	global_pLDDT_proxy	low_confidence_fraction_proxy	long_range_PAE_proxy	existing_PDB_AFDB_disagreement_proxy	ligand_annotation_available	interface_annotation_available	known_sequence_mismatch_flag	known_provenance_issue	estimated_P0_readiness	estimated_P1_risk	local_data_complete	missing_local_inputs	sampling_stratum_prior	sampling_stratum_prior_source	prior_evidence_status	prior_evidence_sources	prior_observability_complete	supported_sampling_priors	round1_member
1	0	2VB1_1	2vb1_A__P00698	1	2vb1	A	P00698	30:18		147			false	false		true	true	true	true	true	1	true	1.0	0.0	93.88	0.109			true				partial_local_inputs	unknown	false	pair_qc;residue_mapping	uncertain_or_unclassified	no_positive_observable_evidence	unobserved	reports/a0_candidate_summary.csv:screening_index=1.0	false		false
2	1	1US0_1	1us0_A__P15121		1us0	A	P15121	30:408					false	false		true	false	false	false	false					98.31				true				partial_local_inputs	unknown	false	pair_qc;residue_mapping;afdb_metadata;afdb_model;afdb_pae;afdb_plddt	uncertain_or_unclassified	no_positive_observable_evidence	unobserved		false		false
3	2	4ZM7_1	4zm7_A__B3Y002	3	4zm7	A	B3Y002	30:15306		206			false	false		true	false	false	false	false			1.0	0.0	92.25				true				partial_local_inputs	unknown	false	pair_qc;residue_mapping;afdb_metadata;afdb_model;afdb_pae;afdb_plddt	uncertain_or_unclassified	no_positive_observable_evidence	unobserved	reports/a0_candidate_summary.csv:screening_index=3.0	false		false
4	3	6S2M_1	6s2m_A__P02689	5	6s2m	A	P02689	30:228		132	132	1.0	true	true	pass	true	true	true	true	true	1	true	1.0	0.0	96.38	0.015	9.0	0.34545211379856045	true			residue_count_mismatch	likely_ready	known_high_risk	true		easy_control_prior	documented_a0_primary_category_precedence_sampling_only	positive_complete	reports/a0_candidate_summary.csv:screening_index=5.0;data/raw/afdb/P02689/AF-P02689-F1/model.cif;data/raw/afdb/P02689/AF-P02689-F1/pae.json;data/raw/pdb/6s2m.cif;data/processed/pairs/6s2m_A__P02689/residue_mapping.parquet	true	easy_control_prior	true
5	4	4REK_1	4rek_A__P12676	21	4rek	A	P12676	30:7690		546	499	0.9139194139194139	true	true	pass	true	true	true	true	true	1	true	0.997995991983968	0.002004008016031955	95.19	0.053	3.5	0.12948573686906753	true				likely_ready	known_high_risk	true		easy_control_prior	documented_a0_primary_category_precedence_sampling_only	positive_complete	reports/a0_candidate_summary.csv:screening_index=21.0;data/raw/afdb/P12676/AF-P12676-F1/model.cif;data/raw/afdb/P12676/AF-P12676-F1/pae.json;data/raw/pdb/4rek.cif;data/processed/pairs/4rek_A__P12676/residue_mapping.parquet	true	easy_control_prior	true
6	5	2OV0_1	2ov0_A__P22364	31	2ov0	A	P22364	30:5586		131			false	false		true	false	false	false	false			1.0	0.0	88.25				true				partial_local_inputs	unknown	false	pair_qc;residue_mapping;afdb_metadata;afdb_model;afdb_pae;afdb_plddt	uncertain_or_unclassified	no_positive_observable_evidence	unobserved	reports/a0_candidate_summary.csv:screening_index=31.0	false		false
7	6	2WFI_1	2wfi_A__Q13427	11	2wfi	A	Q13427	30:15528		754			false	false		true	false	false	false	false			0.9717514124293786	0.02824858757062143	57.06				true				partial_local_inputs	unknown	false	pair_qc;residue_mapping;afdb_metadata;afdb_model;afdb_pae;afdb_plddt	uncertain_or_unclassified	no_positive_observable_evidence	unobserved	reports/a0_candidate_summary.csv:screening_index=11.0	false		false
8	7	2WFJ_1	2wfj_A__Q13427		2wfj	A	Q13427	30:15528					false	false		false	false	false	false	false					57.06								insufficient_local_evidence	unknown	false	pdb_structure;sifts_mapping;pair_qc;residue_mapping;afdb_metadata;afdb_model;afdb_pae;afdb_plddt	uncertain_or_unclassified	no_positive_observable_evidence	unobserved		false		false
9	8	4I8H_1	4i8h_A__P00760	2	4i8h	A	P00760	30:71		246	223	0.9065040650406504	true	true	pass	true	true	true	true	true	1	true	1.0	0.0	93.12	0.098	3.5	0.13174650405888588	true				likely_ready	lower_risk	true		easy_control_prior	documented_a0_primary_category_precedence_sampling_only	positive_complete	reports/a0_candidate_summary.csv:screening_index=2.0;data/raw/afdb/P00760/AF-P00760-F1/model.cif;data/raw/afdb/P00760/AF-P00760-F1/pae.json;data/raw/pdb/4i8h.cif;data/processed/pairs/4i8h_A__P00760/residue_mapping.parquet	true	easy_control_prior	true
10	9	8C5N_1	8c5n_A__Q02I11	32	8c5n	A	Q02I11	30:17479		389			false	false		true	false	false	false	false			0.9946524064171124	0.005347593582887611	88.38				true				partial_local_inputs	unknown	false	pair_qc;residue_mapping;afdb_metadata;afdb_model;afdb_pae;afdb_plddt	uncertain_or_unclassified	no_positive_observable_evidence	unobserved	reports/a0_candidate_summary.csv:screening_index=32.0	false		false
11	10	4LBS_1	4lbs_A__P15121		4lbs	A	P15121	30:408					false	false		false	false	false	false	false					98.31								insufficient_local_evidence	unknown	false	pdb_structure;sifts_mapping;pair_qc;residue_mapping;afdb_metadata;afdb_model;afdb_pae;afdb_plddt	uncertain_or_unclassified	no_positive_observable_evidence	unobserved		false		false
12	11	7FEZ_1	7fez_A__P05413		7fez	A	P05413	30:228					false	false		true	false	false	false	false					96.19				true				partial_local_inputs	unknown	false	pair_qc;residue_mapping;afdb_metadata;afdb_model;afdb_pae;afdb_plddt	uncertain_or_unclassified	no_positive_observable_evidence	unobserved		false		false
13	12	5YCE_1	5yce_A__P02185	7	5yce	A	P02185	30:176		154			false	false		true	false	false	false	false			0.9805194805194806	0.01948051948051943	97.5				true				partial_local_inputs	unknown	false	pair_qc;residue_mapping;afdb_metadata;afdb_model;afdb_pae;afdb_plddt	uncertain_or_unclassified	no_positive_observable_evidence	unobserved	reports/a0_candidate_summary.csv:screening_index=7.0	false		false
14	13	6L27_1	6l27_A__P42212	4	6l27	A	P42212	30:465		238	228	0.957983193277311	true	true	pass	true	true	true	true	true	1	true	0.986842105263158	0.013157894736842035	96.62	0.013			true			ambiguous_auth_residue_mapping	known_blocked	unknown	true		uncertain_or_unclassified	no_positive_observable_evidence	unobserved	reports/a0_candidate_summary.csv:screening_index=4.0	false		true
15	14	7KR0_1	7kr0_A__P0DTD1	9	7kr0	A	P0DTD1	30:44		7095	169	1.3412698412698412	true	true	pass	true	true	true	true	true	28	false	1.0	0.0	96.08	0.01			true			unsupported_afdb_fragment	known_blocked	unknown	true		uncertain_or_unclassified	no_positive_observable_evidence	unobserved	reports/a0_candidate_summary.csv:screening_index=9.0	false		true
16	15	5KWM_1	5kwm_A__Q54137	34	5kwm	A	Q54137	30:18309		272			false	false		true	false	false	false	false			0.9652173913043478	0.034782608695652195	89.06				true				partial_local_inputs	unknown	false	pair_qc;residue_mapping;afdb_metadata;afdb_model;afdb_pae;afdb_plddt	uncertain_or_unclassified	no_positive_observable_evidence	unobserved	reports/a0_candidate_summary.csv:screening_index=34.0	false		false
17	16	1GCI_1	1gci_A__P29600	6	1gci	A	P29600	30:1037		269	269	1.0	true	true	pass	true	true	true	true	true	1	true	1.0	0.0	98.62	0.0	3.0	0.1647295641974449	true			missing_mapping_column	known_blocked	unknown	true		easy_control_prior	documented_a0_primary_category_precedence_sampling_only	positive_complete	reports/a0_candidate_summary.csv:screening_index=6.0;data/raw/afdb/P29600/model.cif;data/raw/afdb/P29600/pae.json;data/raw/pdb/1gci.cif;data/processed/pairs/1gci_A__P29600/residue_mapping.parquet	true	easy_control_prior	true
18	17	1X6Z_1	1x6z_A__P02973		1x6z	A	P02973	30:9250					false	false		false	false	false	false	false					94.88								insufficient_local_evidence	unknown	false	pdb_structure;sifts_mapping;pair_qc;residue_mapping;afdb_metadata;afdb_model;afdb_pae;afdb_plddt	uncertain_or_unclassified	no_positive_observable_evidence	unobserved		false		false
19	18	3BCJ_1	3bcj_A__P15121		3bcj	A	P15121	30:408					false	false		false	false	false	false	false					98.31								insufficient_local_evidence	unknown	false	pdb_structure;sifts_mapping;pair_qc;residue_mapping;afdb_metadata;afdb_model;afdb_pae;afdb_plddt	uncertain_or_unclassified	no_positive_observable_evidence	unobserved		false		false
20	19	3W5H_1	3w5h_A__P83686	8	3w5h	A	P83686	30:3653		272	272	1.0	true	true	pass	true	true	true	true	true	1	true	1.0	0.0	97.06	0.0	5.5	0.3420879219647284	true			missing_mapping_column	known_blocked	unknown	true		uncertain_or_unclassified	observed_but_no_complete_positive_prior	observed_no_positive_prior	reports/a0_candidate_summary.csv:screening_index=8.0	true		true
21	20	5GV8_1	5gv8_A__P83686		5gv8	A	P83686	30:3653		272			false	false		false	true	true	true	true	1	true			97.06	0.0							partial_local_inputs	unknown	false	pdb_structure;sifts_mapping;pair_qc;residue_mapping	uncertain_or_unclassified	no_positive_observable_evidence	unobserved		false		false
22	21	6JGJ_1	6jgj_A__P42212		6jgj	A	P42212	30:925		238			false	false		false	true	true	true	true	1	true			96.62	0.013							partial_local_inputs	unknown	false	pdb_structure;sifts_mapping;pair_qc;residue_mapping	uncertain_or_unclassified	no_positive_observable_evidence	unobserved		false		false
23	22	6ZM8_1	6zm8_A__A0A7S6K8E4	10	6zm8	A	A0A7S6K8E4	30:23462		227	208	0.9162995594713657	true	true	pass	true	true	true	true	true	1	true	1.0	0.0	93.81	0.079	4.5	0.25773960074223023	true				likely_ready	lower_risk	true		easy_control_prior	documented_a0_primary_category_precedence_sampling_only	positive_complete	reports/a0_candidate_summary.csv:screening_index=10.0;data/raw/afdb/A0A7S6K8E4/AF-A0A7S6K8E4-F1/model.cif;data/raw/afdb/A0A7S6K8E4/AF-A0A7S6K8E4-F1/pae.json;data/raw/pdb/6zm8.cif;data/processed/pairs/6zm8_A__A0A7S6K8E4/residue_mapping.parquet	true	easy_control_prior	true
24	23	7A5M_1	7a5m_A__Q8N8S7		7a5m	A	Q8N8S7	30:9431					false	false		false	false	false	false	false					70.62								insufficient_local_evidence	unknown	false	pdb_structure;sifts_mapping;pair_qc;residue_mapping;afdb_metadata;afdb_model;afdb_pae;afdb_plddt	uncertain_or_unclassified	no_positive_observable_evidence	unobserved		false		false
25	24	4UA6_1	4ua6_A__H6UQI0		4ua6	A	H6UQI0	30:99					false	false		false	false	false	false	false					94.5								insufficient_local_evidence	unknown	false	pdb_structure;sifts_mapping;pair_qc;residue_mapping;afdb_metadata;afdb_model;afdb_pae;afdb_plddt	uncertain_or_unclassified	no_positive_observable_evidence	unobserved		false		false
26	25	5MN1_1	5mn1_A__P00760		5mn1	A	P00760	30:71		246			false	false		false	true	true	true	true	1	true			93.12	0.098							partial_local_inputs	unknown	false	pdb_structure;sifts_mapping;pair_qc;residue_mapping	uncertain_or_unclassified	no_positive_observable_evidence	unobserved		false		false
27	26	7R2H_1	7r2h_A__P30405		7r2h	A	P30405	30:527					false	false		false	false	false	false	false					88.31								insufficient_local_evidence	unknown	false	pdb_structure;sifts_mapping;pair_qc;residue_mapping;afdb_metadata;afdb_model;afdb_pae;afdb_plddt	uncertain_or_unclassified	no_positive_observable_evidence	unobserved		false		false
28	27	7AF2_1	7af2_AAA__P29768	22	7af2	AAA	P29768	30:12637		382	379	0.9921465968586387	true	true	pass	true	true	true	true	true	1	true	1.0	0.0	98.06	0.008	3.5	0.10802551351225086	true		true	pdb_amino_acid_mismatch	likely_ready	known_high_risk	true		easy_control_prior	documented_a0_primary_category_precedence_sampling_only	positive_complete	reports/a0_candidate_summary.csv:screening_index=22.0;data/raw/afdb/P29768/AF-P29768-F1/model.cif;data/raw/afdb/P29768/AF-P29768-F1/pae.json;data/raw/pdb/7af2.cif;data/processed/pairs/7af2_AAA__P29768/residue_mapping.parquet	true	easy_control_prior	true
29	28	6KL0_1	6kl0_A__P42212		6kl0	A	P42212	30:925		238			false	false		false	true	true	true	true	1	true			96.62	0.013							partial_local_inputs	unknown	false	pdb_structure;sifts_mapping;pair_qc;residue_mapping	uncertain_or_unclassified	no_positive_observable_evidence	unobserved		false		false
30	29	5MNK_1	5mnk_A__P00760		5mnk	A	P00760	30:71		246			false	false		false	true	true	true	true	1	true			93.12	0.098							partial_local_inputs	unknown	false	pdb_structure;sifts_mapping;pair_qc;residue_mapping	uncertain_or_unclassified	no_positive_observable_evidence	unobserved		false		false
31	30	1PQ7_1	1pq7_A__P35049	105	1pq7	A	P35049	30:3022		248	224	0.9032258064516129	true	true	pass	true	true	true	true	true	1	true	1.0	0.0	92.62	0.101	4.0	0.14123144025409257	true			invalid_atom_residue_identity	likely_ready	known_high_risk	true		easy_control_prior	documented_a0_primary_category_precedence_sampling_only	positive_complete	reports/a0_candidate_summary.csv:screening_index=105.0;data/raw/afdb/P35049/AF-P35049-F1/AF-P35049-F1-model_v6.cif;data/raw/afdb/P35049/AF-P35049-F1/pae.json;data/raw/pdb/1pq7.cif;data/processed/pairs/1pq7_A__P35049/residue_mapping.parquet	true	easy_control_prior	true
32	31	1W0N_1	1w0n_A__P45796		1w0n	A	P45796	30:20759					false	false		false	false	false	false	false					94.06								insufficient_local_evidence	unknown	false	pdb_structure;sifts_mapping;pair_qc;residue_mapping;afdb_metadata;afdb_model;afdb_pae;afdb_plddt	uncertain_or_unclassified	no_positive_observable_evidence	unobserved		false		false
33	32	2IXT_1	2ixt_A__Q9S3L6		2ixt	A	Q9S3L6	30:33686					false	false		false	false	false	false	false					87.69								insufficient_local_evidence	unknown	false	pdb_structure;sifts_mapping;pair_qc;residue_mapping;afdb_metadata;afdb_model;afdb_pae;afdb_plddt	uncertain_or_unclassified	no_positive_observable_evidence	unobserved		false		false
34	33	2QXW_1	2qxw_A__P15121		2qxw	A	P15121	30:408					false	false		false	false	false	false	false					98.31								insufficient_local_evidence	unknown	false	pdb_structure;sifts_mapping;pair_qc;residue_mapping;afdb_metadata;afdb_model;afdb_pae;afdb_plddt	uncertain_or_unclassified	no_positive_observable_evidence	unobserved		false		false
35	34	3D43_1	3d43_A__Q9S3L6		3d43	A	Q9S3L6	30:33686					false	false		false	false	false	false	false					87.69								insufficient_local_evidence	unknown	false	pdb_structure;sifts_mapping;pair_qc;residue_mapping;afdb_metadata;afdb_model;afdb_pae;afdb_plddt	uncertain_or_unclassified	no_positive_observable_evidence	unobserved		false		false
36	35	3MFJ_1	3mfj_A__P00760		3mfj	A	P00760	30:71		246			false	false		false	true	true	true	true	1	true			93.12	0.098							partial_local_inputs	unknown	false	pdb_structure;sifts_mapping;pair_qc;residue_mapping	uncertain_or_unclassified	no_positive_observable_evidence	unobserved		false		false
37	36	3MI4_1	3mi4_A__P00760		3mi4	A	P00760	30:71		246			false	false		false	true	true	true	true	1	true			93.12	0.098							partial_local_inputs	unknown	false	pdb_structure;sifts_mapping;pair_qc;residue_mapping	uncertain_or_unclassified	no_positive_observable_evidence	unobserved		false		false
38	37	3UI4_1	3ui4_A__Q9Y237	13	3ui4	A	Q9Y237	30:13715		131			false	false		true	false	false	false	false			1.0	0.0	78.62				true				partial_local_inputs	unknown	false	pair_qc;residue_mapping;afdb_metadata;afdb_model;afdb_pae;afdb_plddt	uncertain_or_unclassified	no_positive_observable_evidence	unobserved	reports/a0_candidate_summary.csv:screening_index=13.0	false		false
39	38	4I8G_1	4i8g_A__P00760		4i8g	A	P00760	30:71		246			false	false		false	true	true	true	true	1	true			93.12	0.098							partial_local_inputs	unknown	false	pdb_structure;sifts_mapping;pair_qc;residue_mapping	uncertain_or_unclassified	no_positive_observable_evidence	unobserved		false		false
40	39	4LB3_1	4lb3_A__P15121		4lb3	A	P15121	30:408					false	false		false	false	false	false	false					98.31								insufficient_local_evidence	unknown	false	pdb_structure;sifts_mapping;pair_qc;residue_mapping;afdb_metadata;afdb_model;afdb_pae;afdb_plddt	uncertain_or_unclassified	no_positive_observable_evidence	unobserved		false		false
41	40	4LB4_1	4lb4_A__P15121		4lb4	A	P15121	30:408					false	false		false	false	false	false	false					98.31								insufficient_local_evidence	unknown	false	pdb_structure;sifts_mapping;pair_qc;residue_mapping;afdb_metadata;afdb_model;afdb_pae;afdb_plddt	uncertain_or_unclassified	no_positive_observable_evidence	unobserved		false		false
42	41	4LBR_1	4lbr_A__P15121		4lbr	A	P15121	30:408					false	false		false	false	false	false	false					98.31								insufficient_local_evidence	unknown	false	pdb_structure;sifts_mapping;pair_qc;residue_mapping;afdb_metadata;afdb_model;afdb_pae;afdb_plddt	uncertain_or_unclassified	no_positive_observable_evidence	unobserved		false		false
43	42	5GV7_1	5gv7_A__P83686		5gv7	A	P83686	30:3653		272			false	false		false	true	true	true	true	1	true			97.06	0.0							partial_local_inputs	unknown	false	pdb_structure;sifts_mapping;pair_qc;residue_mapping	uncertain_or_unclassified	no_positive_observable_evidence	unobserved		false		false
44	43	8W8U_1	8w8u_A__H3K419	23	8w8u	A	H3K419	30:3156		439			false	false		true	false	false	false	false			1.0	0.0	91.19				true				partial_local_inputs	unknown	false	pair_qc;residue_mapping;afdb_metadata;afdb_model;afdb_pae;afdb_plddt	uncertain_or_unclassified	no_positive_observable_evidence	unobserved	reports/a0_candidate_summary.csv:screening_index=23.0	false		false
45	44	8ZST_1	8zst_A__P00698		8zst	A	P00698	30:18		147			false	false		false	true	true	true	true	1	true			93.88	0.109							partial_local_inputs	unknown	false	pdb_structure;sifts_mapping;pair_qc;residue_mapping	uncertain_or_unclassified	no_positive_observable_evidence	unobserved		false		false
46	45	9CY0_1	9cy0_A__P0DTD1		9cy0	A	P0DTD1	30:44					false	false		false	true	true	true	true	1				96.08	0.01							partial_local_inputs	unknown	false	pdb_structure;sifts_mapping;pair_qc;residue_mapping	uncertain_or_unclassified	no_positive_observable_evidence	unobserved		false		false
47	46	9M1X_1	9m1x_A__P05413		9m1x	A	P05413	30:228					false	false		false	false	false	false	false					96.19								insufficient_local_evidence	unknown	false	pdb_structure;sifts_mapping;pair_qc;residue_mapping;afdb_metadata;afdb_model;afdb_pae;afdb_plddt	uncertain_or_unclassified	no_positive_observable_evidence	unobserved		false		false
48	47	9M22_1	9m22_A__P05413		9m22	A	P05413	30:228					false	false		false	false	false	false	false					96.19								insufficient_local_evidence	unknown	false	pdb_structure;sifts_mapping;pair_qc;residue_mapping;afdb_metadata;afdb_model;afdb_pae;afdb_plddt	uncertain_or_unclassified	no_positive_observable_evidence	unobserved		false		false
49	48	1FN8_1	1fn8_A__P35049		1fn8	A	P35049	30:3022		248			false	false		false	true	true	true	true	1	true			92.62	0.101							partial_local_inputs	unknown	false	pdb_structure;sifts_mapping;pair_qc;residue_mapping	uncertain_or_unclassified	no_positive_observable_evidence	unobserved		false		false
50	49	1FY4_1	1fy4_A__P35049		1fy4	A	P35049	30:3022		248			false	false		false	true	true	true	true	1	true			92.62	0.101							partial_local_inputs	unknown	false	pdb_structure;sifts_mapping;pair_qc;residue_mapping	uncertain_or_unclassified	no_positive_observable_evidence	unobserved		false		false
51	50	1FY5_1	1fy5_A__P35049		1fy5	A	P35049	30:3022		248			false	false		false	true	true	true	true	1	true			92.62	0.101							partial_local_inputs	unknown	false	pdb_structure;sifts_mapping;pair_qc;residue_mapping	uncertain_or_unclassified	no_positive_observable_evidence	unobserved		false		false
52	51	1GDN_1	1gdn_A__P35049		1gdn	A	P35049	30:3022		248			false	false		false	true	true	true	true	1	true			92.62	0.101							partial_local_inputs	unknown	false	pdb_structure;sifts_mapping;pair_qc;residue_mapping	uncertain_or_unclassified	no_positive_observable_evidence	unobserved		false		false
53	52	2I16_1	2i16_A__P15121		2i16	A	P15121	30:408					false	false		false	false	false	false	false					98.31								insufficient_local_evidence	unknown	false	pdb_structure;sifts_mapping;pair_qc;residue_mapping;afdb_metadata;afdb_model;afdb_pae;afdb_plddt	uncertain_or_unclassified	no_positive_observable_evidence	unobserved		false		false
54	53	2I17_1	2i17_A__P15121		2i17	A	P15121	30:408					false	false		false	false	false	false	false					98.31								insufficient_local_evidence	unknown	false	pdb_structure;sifts_mapping;pair_qc;residue_mapping;afdb_metadata;afdb_model;afdb_pae;afdb_plddt	uncertain_or_unclassified	no_positive_observable_evidence	unobserved		false		false
55	54	4M7G_1	4m7g_A__P24664		4m7g	A	P24664	30:18309					false	false		true	false	false	false	false					98.12				true				partial_local_inputs	unknown	false	pair_qc;residue_mapping;afdb_metadata;afdb_model;afdb_pae;afdb_plddt	uncertain_or_unclassified	no_positive_observable_evidence	unobserved		false		false
56	55	7WKB_1	7wkb_A__P05413		7wkb	A	P05413	30:228					false	false		false	false	false	false	false					96.19								insufficient_local_evidence	unknown	false	pdb_structure;sifts_mapping;pair_qc;residue_mapping;afdb_metadata;afdb_model;afdb_pae;afdb_plddt	uncertain_or_unclassified	no_positive_observable_evidence	unobserved		false		false
57	56	5HB7_1	5hb7_A__G0S156	14	5hb7	A	G0S156	30:17436		426			false	false		true	false	false	false	false			1.0	0.0	67.81				true				partial_local_inputs	unknown	false	pair_qc;residue_mapping;afdb_metadata;afdb_model;afdb_pae;afdb_plddt	uncertain_or_unclassified	no_positive_observable_evidence	unobserved	reports/a0_candidate_summary.csv:screening_index=14.0	false		false
58	57	1NWZ_1	1nwz_A__P16113	115	1nwz	A	P16113	30:1944		125	125	1.0	true	true	pass	true	true	true	true	true	1	true	1.0	0.0	95.81	0.016	11.800000000000011	0.3941446180020611	true				likely_ready	lower_risk	true		high_pae_long_range_prior	documented_a0_primary_category_precedence_sampling_only	positive_complete	reports/a0_candidate_summary.csv:screening_index=115.0;data/raw/afdb/P16113/AF-P16113-F1/AF-P16113-F1-model_v6.cif;data/raw/afdb/P16113/AF-P16113-F1/pae.json;data/raw/pdb/1nwz.cif;data/processed/pairs/1nwz_A__P16113/residue_mapping.parquet	true	high_pae_long_range_prior	true
59	58	2H5C_1	2h5c_A__P00778		2h5c	A	P00778	30:3639					false	false		false	false	false	false	false					91.06								insufficient_local_evidence	unknown	false	pdb_structure;sifts_mapping;pair_qc;residue_mapping;afdb_metadata;afdb_model;afdb_pae;afdb_plddt	uncertain_or_unclassified	no_positive_observable_evidence	unobserved		false		false
60	59	2J8T_1	2j8t_A__P15121		2j8t	A	P15121	30:408					false	false		false	false	false	false	false					98.31								insufficient_local_evidence	unknown	false	pdb_structure;sifts_mapping;pair_qc;residue_mapping;afdb_metadata;afdb_model;afdb_pae;afdb_plddt	uncertain_or_unclassified	no_positive_observable_evidence	unobserved		false		false
61	60	2VXN_1	2vxn_A__P48499		2vxn	A	P48499	30:477					false	false		true	false	false	false	false					97.56				true				partial_local_inputs	unknown	false	pair_qc;residue_mapping;afdb_metadata;afdb_model;afdb_pae;afdb_plddt	uncertain_or_unclassified	no_positive_observable_evidence	unobserved		false		false
62	61	8C3X_1	8c3x_A__A0A7I9C8Z1	107	8c3x	A	A0A7I9C8Z1	30:6986		240	224	0.9333333333333333	true	true	pass	true	true	true	true	true	1	true	1.0	0.0	93.19	0.067	5.5	0.3183144181160551	true				likely_ready	lower_risk	true		easy_control_prior	documented_a0_primary_category_precedence_sampling_only	positive_complete	reports/a0_candidate_summary.csv:screening_index=107.0;data/raw/afdb/A0A7I9C8Z1/AF-A0A7I9C8Z1-F1/AF-A0A7I9C8Z1-F1-model_v6.cif;data/raw/afdb/A0A7I9C8Z1/AF-A0A7I9C8Z1-F1/pae.json;data/raw/pdb/8c3x.cif;data/processed/pairs/8c3x_A__A0A7I9C8Z1/residue_mapping.parquet	true	easy_control_prior	true
63	62	1N55_1	1n55_A__P48499		1n55	A	P48499	30:477					false	false		false	false	false	false	false					97.56								insufficient_local_evidence	unknown	false	pdb_structure;sifts_mapping;pair_qc;residue_mapping;afdb_metadata;afdb_model;afdb_pae;afdb_plddt	uncertain_or_unclassified	no_positive_observable_evidence	unobserved		false		false
64	63	1SSX_1	1ssx_A__P00778		1ssx	A	P00778	30:3639					false	false		false	false	false	false	false					91.06								insufficient_local_evidence	unknown	false	pdb_structure;sifts_mapping;pair_qc;residue_mapping;afdb_metadata;afdb_model;afdb_pae;afdb_plddt	uncertain_or_unclassified	no_positive_observable_evidence	unobserved		false		false
65	64	2JFR_1	2jfr_A__A0QTQ6	109	2jfr	A	A0QTQ6	30:49747		233	233	1.0	true	true	pass	true	true	true	true	true	1	true	1.0	0.0	94.69	0.009	6.5	0.3444764573724793	true				likely_ready	lower_risk	true		state_disagreement_prior	documented_a0_primary_category_precedence_sampling_only	positive_complete	reports/a0_candidate_summary.csv:screening_index=109.0;data/raw/afdb/A0QTQ6/AF-A0QTQ6-F1/AF-A0QTQ6-F1-model_v6.cif;data/raw/pdb/2jfr.cif;data/processed/pairs/2jfr_A__A0QTQ6/residue_mapping.parquet	true	state_disagreement_prior	true
66	65	2PWA_1	2pwa_A__P06873		2pwa	A	P06873	30:901					false	false		false	false	false	false	false					92.44								insufficient_local_evidence	unknown	false	pdb_structure;sifts_mapping;pair_qc;residue_mapping;afdb_metadata;afdb_model;afdb_pae;afdb_plddt	uncertain_or_unclassified	no_positive_observable_evidence	unobserved		false		false
67	66	3X2L_1	3x2l_A__B3Y002		3x2l	A	B3Y002	30:15306					false	false		false	false	false	false	false					92.25								insufficient_local_evidence	unknown	false	pdb_structure;sifts_mapping;pair_qc;residue_mapping;afdb_metadata;afdb_model;afdb_pae;afdb_plddt	uncertain_or_unclassified	no_positive_observable_evidence	unobserved		false		false
68	67	4Y9W_1	4y9w_A__G8B6Y8		4y9w	A	G8B6Y8	30:5985					false	false		false	false	false	false	false					85.69								insufficient_local_evidence	unknown	false	pdb_structure;sifts_mapping;pair_qc;residue_mapping;afdb_metadata;afdb_model;afdb_pae;afdb_plddt	uncertain_or_unclassified	no_positive_observable_evidence	unobserved		false		false
69	68	6MZ2_1	6mz2_A__Q9L5C7		6mz2	A	Q9L5C7	30:99					false	false		false	false	false	false	false					93.19								insufficient_local_evidence	unknown	false	pdb_structure;sifts_mapping;pair_qc;residue_mapping;afdb_metadata;afdb_model;afdb_pae;afdb_plddt	uncertain_or_unclassified	no_positive_observable_evidence	unobserved		false		false
70	69	7FF6_1	7ff6_A__P05413		7ff6	A	P05413	30:228					false	false		false	false	false	false	false					96.19								insufficient_local_evidence	unknown	false	pdb_structure;sifts_mapping;pair_qc;residue_mapping;afdb_metadata;afdb_model;afdb_pae;afdb_plddt	uncertain_or_unclassified	no_positive_observable_evidence	unobserved		false		false
71	70	7WF0_1	7wf0_A__P05413		7wf0	A	P05413	30:228					false	false		false	false	false	false	false					96.19								insufficient_local_evidence	unknown	false	pdb_structure;sifts_mapping;pair_qc;residue_mapping;afdb_metadata;afdb_model;afdb_pae;afdb_plddt	uncertain_or_unclassified	no_positive_observable_evidence	unobserved		false		false
72	71	8RMA_1	8rma_A__W1DN50	106	8rma	A	W1DN50	30:99		291	263	0.9037800687285223	true	true	pass	true	true	true	true	true	1	true	1.0	0.0	93.06	0.10300000000000001	4.5	0.2449399877047166	true				likely_ready	lower_risk	true		easy_control_prior	documented_a0_primary_category_precedence_sampling_only	positive_complete	reports/a0_candidate_summary.csv:screening_index=106.0;data/raw/afdb/W1DN50/AF-W1DN50-F1/AF-W1DN50-F1-model_v6.cif;data/raw/afdb/W1DN50/AF-W1DN50-F1/pae.json;data/raw/pdb/8rma.cif;data/processed/pairs/8rma_A__W1DN50/residue_mapping.parquet	true	easy_control_prior	true
73	72	9HDW_1	9hdw_A__P11172		9hdw	A	P11172	30:1095					false	false		false	false	false	false	false					92.12								insufficient_local_evidence	unknown	false	pdb_structure;sifts_mapping;pair_qc;residue_mapping;afdb_metadata;afdb_model;afdb_pae;afdb_plddt	uncertain_or_unclassified	no_positive_observable_evidence	unobserved		false		false
74	73	9HOO_1	9hoo_A__P11172		9hoo	A	P11172	30:1095					false	false		false	false	false	false	false					92.12								insufficient_local_evidence	unknown	false	pdb_structure;sifts_mapping;pair_qc;residue_mapping;afdb_metadata;afdb_model;afdb_pae;afdb_plddt	uncertain_or_unclassified	no_positive_observable_evidence	unobserved		false		false
75	74	6TGU_1	6tgu_A__P19784	108	6tgu	A	P19784	30:453		350			false	false		true	false	false	false	false					94.12				true				partial_local_inputs	unknown	false	pair_qc;residue_mapping;afdb_metadata;afdb_model;afdb_pae;afdb_plddt	uncertain_or_unclassified	no_positive_observable_evidence	unobserved	reports/a0_candidate_summary.csv:screening_index=108.0	false		false
76	75	1XVO_1	1xvo_A__P35049		1xvo	A	P35049	30:3022		248			false	false		false	true	true	true	true	1	true			92.62	0.101							partial_local_inputs	unknown	false	pdb_structure;sifts_mapping;pair_qc;residue_mapping	uncertain_or_unclassified	no_positive_observable_evidence	unobserved		false		false
77	77	2YKZ_1	2ykz_A__P00138		2ykz	A	P00138	30:3514					false	false		true	false	false	false	false					97.56				true				partial_local_inputs	unknown	false	pair_qc;residue_mapping;afdb_metadata;afdb_model;afdb_pae;afdb_plddt	uncertain_or_unclassified	no_positive_observable_evidence	unobserved		false		false
78	78	3ZQV_1	3zqv_A__P00138		3zqv	A	P00138	30:3514					false	false		false	false	false	false	false					97.56								insufficient_local_evidence	unknown	false	pdb_structure;sifts_mapping;pair_qc;residue_mapping;afdb_metadata;afdb_model;afdb_pae;afdb_plddt	uncertain_or_unclassified	no_positive_observable_evidence	unobserved		false		false
79	79	4UA9_1	4ua9_A__H6UQI0		4ua9	A	H6UQI0	30:99					false	false		false	false	false	false	false					94.5								insufficient_local_evidence	unknown	false	pdb_structure;sifts_mapping;pair_qc;residue_mapping;afdb_metadata;afdb_model;afdb_pae;afdb_plddt	uncertain_or_unclassified	no_positive_observable_evidence	unobserved		false		false
80	80	6EIO_1	6eio_A__A0A023J6X7	102	6eio	A	A0A023J6X7	30:17615		251			false	false		true	false	false	false	false					90.0				true				partial_local_inputs	unknown	false	pair_qc;residue_mapping;afdb_metadata;afdb_model;afdb_pae;afdb_plddt	uncertain_or_unclassified	no_positive_observable_evidence	unobserved	reports/a0_candidate_summary.csv:screening_index=102.0	false		false
81	81	7FFK_1	7ffk_A__P05413		7ffk	A	P05413	30:228					false	false		false	false	false	false	false					96.19								insufficient_local_evidence	unknown	false	pdb_structure;sifts_mapping;pair_qc;residue_mapping;afdb_metadata;afdb_model;afdb_pae;afdb_plddt	uncertain_or_unclassified	no_positive_observable_evidence	unobserved		false		false
82	82	7G0Z_1	7g0z_A__P15090	114	7g0z	A	P15090	30:228		132			false	false		true	false	false	false	false			1.0	0.0	95.75				true				partial_local_inputs	unknown	false	pair_qc;residue_mapping;afdb_metadata;afdb_model;afdb_pae;afdb_plddt	uncertain_or_unclassified	no_positive_observable_evidence	unobserved	reports/a0_candidate_summary.csv:screening_index=114.0	false		false
83	83	7TX0_1	7tx0_A__P0DTD1		7tx0	A	P0DTD1	30:44					false	false		false	true	true	true	true	1				96.08	0.01							partial_local_inputs	unknown	false	pdb_structure;sifts_mapping;pair_qc;residue_mapping	uncertain_or_unclassified	no_positive_observable_evidence	unobserved		false		false
84	84	7WKG_1	7wkg_A__P05413		7wkg	A	P05413	30:228					false	false		false	false	false	false	false					96.19								insufficient_local_evidence	unknown	false	pdb_structure;sifts_mapping;pair_qc;residue_mapping;afdb_metadata;afdb_model;afdb_pae;afdb_plddt	uncertain_or_unclassified	no_positive_observable_evidence	unobserved		false		false
85	85	4LAU_1	4lau_A__P15121		4lau	A	P15121	30:408					false	false		false	false	false	false	false					98.31								insufficient_local_evidence	unknown	false	pdb_structure;sifts_mapping;pair_qc;residue_mapping;afdb_metadata;afdb_model;afdb_pae;afdb_plddt	uncertain_or_unclassified	no_positive_observable_evidence	unobserved		false		false
86	87	1M40_1	1m40_A__P62593		1m40	A	P62593	30:947					false	false		false	false	false	false	false					94.88								insufficient_local_evidence	unknown	false	pdb_structure;sifts_mapping;pair_qc;residue_mapping;afdb_metadata;afdb_model;afdb_pae;afdb_plddt	uncertain_or_unclassified	no_positive_observable_evidence	unobserved		false		false
87	88	1MC2_1	1mc2_A__O57385	33	1mc2	A	O57385	30:297		138			false	false		true	false	false	false	false			1.0	0.0	89.75				true				partial_local_inputs	unknown	false	pair_qc;residue_mapping;afdb_metadata;afdb_model;afdb_pae;afdb_plddt	uncertain_or_unclassified	no_positive_observable_evidence	unobserved	reports/a0_candidate_summary.csv:screening_index=33.0	false		false
88	89	1PJX_1	1pjx_A__Q7SIG4		1pjx	A	Q7SIG4	30:6115		314			false	false		false	true	true	true	true	1	true			98.44	0.003							partial_local_inputs	unknown	false	pdb_structure;sifts_mapping;pair_qc;residue_mapping	uncertain_or_unclassified	no_positive_observable_evidence	unobserved		false		false
89	90	1PQ5_1	1pq5_A__P35049		1pq5	A	P35049	30:3022		248			false	false		false	true	true	true	true	1	true			92.62	0.101							partial_local_inputs	unknown	false	pdb_structure;sifts_mapping;pair_qc;residue_mapping	uncertain_or_unclassified	no_positive_observable_evidence	unobserved		false		false
90	91	1X8P_1	1x8p_A__Q94734	35	1x8p	A	Q94734	30:2732		205	184	0.8975609756097561	true	true	warn	true	true	true	true	true	1	true	1.0	0.0	88.75	0.127	6.5	0.23724870479544868	true			pair_qc_not_acceptable	known_blocked	unknown	true		uncertain_or_unclassified	observed_but_no_complete_positive_prior	observed_no_positive_prior	reports/a0_candidate_summary.csv:screening_index=35.0	false		true
91	92	1X8Q_1	1x8q_A__Q94734		1x8q	A	Q94734	30:2732		205			false	false		false	true	true	true	true	1	true			88.75	0.127							partial_local_inputs	unknown	false	pdb_structure;sifts_mapping;pair_qc;residue_mapping	uncertain_or_unclassified	no_positive_observable_evidence	unobserved		false		false
92	93	2F01_1	2f01_A__P22629	19	2f01	A	P22629	30:539		183			false	false		true	false	false	false	false			0.952755905511811	0.047244094488189003	84.81				true				partial_local_inputs	unknown	false	pair_qc;residue_mapping;afdb_metadata;afdb_model;afdb_pae;afdb_plddt	uncertain_or_unclassified	no_positive_observable_evidence	unobserved	reports/a0_candidate_summary.csv:screening_index=19.0	false		false
93	94	2PF8_1	2pf8_A__P15121		2pf8	A	P15121	30:408					false	false		false	false	false	false	false					98.31								insufficient_local_evidence	unknown	false	pdb_structure;sifts_mapping;pair_qc;residue_mapping;afdb_metadata;afdb_model;afdb_pae;afdb_plddt	uncertain_or_unclassified	no_positive_observable_evidence	unobserved		false		false
94	95	2PFH_1	2pfh_A__P15121		2pfh	A	P15121	30:408					false	false		false	false	false	false	false					98.31								insufficient_local_evidence	unknown	false	pdb_structure;sifts_mapping;pair_qc;residue_mapping;afdb_metadata;afdb_model;afdb_pae;afdb_plddt	uncertain_or_unclassified	no_positive_observable_evidence	unobserved		false		false
95	96	3O4P_1	3o4p_A__Q7SIG4	24	3o4p	A	Q7SIG4	30:6115		314	314	1.0	true	true	pass	true	true	true	true	true	1	true	1.0	0.0	98.44	0.003	3.5	0.15150360922880443	true			missing_mapping_column	known_blocked	unknown	true		easy_control_prior	documented_a0_primary_category_precedence_sampling_only	positive_complete	reports/a0_candidate_summary.csv:screening_index=24.0;data/raw/afdb/Q7SIG4/model.cif;data/raw/afdb/Q7SIG4/pae.json;data/raw/pdb/3o4p.cif;data/processed/pairs/3o4p_A__Q7SIG4/residue_mapping.parquet	true	easy_control_prior	true
96	97	3PYP_1	3pyp_A__P16113		3pyp	A	P16113	30:1944		125			false	false		false	true	true	true	true	1	true			95.81	0.016							partial_local_inputs	unknown	false	pdb_structure;sifts_mapping;pair_qc;residue_mapping	uncertain_or_unclassified	no_positive_observable_evidence	unobserved		false		false
97	98	3QPA_1	3qpa_A__P00590		3qpa	A	P00590	30:3382					false	false		false	false	false	false	false					92.06								insufficient_local_evidence	unknown	false	pdb_structure;sifts_mapping;pair_qc;residue_mapping;afdb_metadata;afdb_model;afdb_pae;afdb_plddt	uncertain_or_unclassified	no_positive_observable_evidence	unobserved		false		false
98	99	4AYO_1	4ayo_A__B0SWV2	26	4ayo	A	B0SWV2	30:10033		462			false	false		true	false	false	false	false			0.9954128440366972	0.004587155963302836	95.31				true				partial_local_inputs	unknown	false	pair_qc;residue_mapping;afdb_metadata;afdb_model;afdb_pae;afdb_plddt	uncertain_or_unclassified	no_positive_observable_evidence	unobserved	reports/a0_candidate_summary.csv:screening_index=26.0	false		false
99	100	4I8K_1	4i8k_A__P00760		4i8k	A	P00760	30:71		246			false	false		false	true	true	true	true	1	true			93.12	0.098							partial_local_inputs	unknown	false	pdb_structure;sifts_mapping;pair_qc;residue_mapping	uncertain_or_unclassified	no_positive_observable_evidence	unobserved		false		false
100	101	4IGS_1	4igs_A__P15121		4igs	A	P15121	30:408					false	false		false	false	false	false	false					98.31								insufficient_local_evidence	unknown	false	pdb_structure;sifts_mapping;pair_qc;residue_mapping;afdb_metadata;afdb_model;afdb_pae;afdb_plddt	uncertain_or_unclassified	no_positive_observable_evidence	unobserved		false		false
101	102	4LAZ_1	4laz_A__P15121		4laz	A	P15121	30:408					false	false		false	false	false	false	false					98.31								insufficient_local_evidence	unknown	false	pdb_structure;sifts_mapping;pair_qc;residue_mapping;afdb_metadata;afdb_model;afdb_pae;afdb_plddt	uncertain_or_unclassified	no_positive_observable_evidence	unobserved		false		false
102	103	4O8H_1	4o8h_A__P30405		4o8h	A	P30405	30:527					false	false		false	false	false	false	false					88.31								insufficient_local_evidence	unknown	false	pdb_structure;sifts_mapping;pair_qc;residue_mapping;afdb_metadata;afdb_model;afdb_pae;afdb_plddt	uncertain_or_unclassified	no_positive_observable_evidence	unobserved		false		false
103	106	5EMB_1	5emb_A__Q8K4V4	20	5emb	A	Q8K4V4	30:6654		539			false	false		true	false	false	false	false			1.0	0.0	83.56				true				partial_local_inputs	unknown	false	pair_qc;residue_mapping;afdb_metadata;afdb_model;afdb_pae;afdb_plddt	uncertain_or_unclassified	no_positive_observable_evidence	unobserved	reports/a0_candidate_summary.csv:screening_index=20.0	false		false
104	107	5RDH_1	5rdh_A__P11838	27	5rdh	A	P11838	30:52		419			false	false		true	false	false	false	false			0.7875894988066826	0.2124105011933174	89.19				false				partial_local_inputs	unknown	false	pair_qc;residue_mapping;afdb_metadata;afdb_model;afdb_pae;afdb_plddt	uncertain_or_unclassified	no_positive_observable_evidence	unobserved	reports/a0_candidate_summary.csv:screening_index=27.0	false		false
105	108	5VLE_1	5vle_A__H6UQI0		5vle	A	H6UQI0	30:99					false	false		false	false	false	false	false					94.5								insufficient_local_evidence	unknown	false	pdb_structure;sifts_mapping;pair_qc;residue_mapping;afdb_metadata;afdb_model;afdb_pae;afdb_plddt	uncertain_or_unclassified	no_positive_observable_evidence	unobserved		false		false
106	110	6ETK_1	6etk_A__P61823		6etk	A	P61823	30:399					false	false		false	false	false	false	false					94.06								insufficient_local_evidence	unknown	false	pdb_structure;sifts_mapping;pair_qc;residue_mapping;afdb_metadata;afdb_model;afdb_pae;afdb_plddt	uncertain_or_unclassified	no_positive_observable_evidence	unobserved		false		false
107	111	6ETL_1	6etl_A__P61823		6etl	A	P61823	30:399					false	false		false	false	false	false	false					94.06								insufficient_local_evidence	unknown	false	pdb_structure;sifts_mapping;pair_qc;residue_mapping;afdb_metadata;afdb_model;afdb_pae;afdb_plddt	uncertain_or_unclassified	no_positive_observable_evidence	unobserved		false		false
108	112	6JGI_1	6jgi_A__P42212		6jgi	A	P42212	30:925		238			false	false		false	true	true	true	true	1	true			96.62	0.013							partial_local_inputs	unknown	false	pdb_structure;sifts_mapping;pair_qc;residue_mapping	uncertain_or_unclassified	no_positive_observable_evidence	unobserved		false		false
109	113	6UN0_1	6un0_A__P16113		6un0	A	P16113	30:1944		125			false	false		false	true	true	true	true	1	true			95.81	0.016							partial_local_inputs	unknown	false	pdb_structure;sifts_mapping;pair_qc;residue_mapping	uncertain_or_unclassified	no_positive_observable_evidence	unobserved		false		false
110	114	7AOT_1	7aot_A__Q13451		7aot	A	Q13451	30:1204					false	false		false	false	false	false	false					92.5								insufficient_local_evidence	unknown	false	pdb_structure;sifts_mapping;pair_qc;residue_mapping;afdb_metadata;afdb_model;afdb_pae;afdb_plddt	uncertain_or_unclassified	no_positive_observable_evidence	unobserved		false		false
111	115	7BBX_1	7bbx_A__Q5F6E9	25	7bbx	A	Q5F6E9	30:3246		351	351	1.0	true	true	pass	true	true	true	true	true	1	true	1.0	0.0	97.19	0.003	4.5	0.40398149396495614	true		true	pdb_amino_acid_mismatch	likely_ready	known_high_risk	true		state_disagreement_prior	documented_a0_primary_category_precedence_sampling_only	positive_complete	reports/a0_candidate_summary.csv:screening_index=25.0;data/raw/afdb/Q5F6E9/AF-Q5F6E9-F1/model.cif;data/raw/pdb/7bbx.cif;data/processed/pairs/7bbx_A__Q5F6E9/residue_mapping.parquet	true	state_disagreement_prior	true
112	116	7KQO_1	7kqo_A__P0DTD1		7kqo	A	P0DTD1	30:44					false	false		false	true	true	true	true	1				96.08	0.01							partial_local_inputs	unknown	false	pdb_structure;sifts_mapping;pair_qc;residue_mapping	uncertain_or_unclassified	no_positive_observable_evidence	unobserved		false		false
113	117	7P4R_1	7p4r_AAA__P61823		7p4r	AAA	P61823	30:399					false	false		false	false	false	false	false					94.06								insufficient_local_evidence	unknown	false	pdb_structure;sifts_mapping;pair_qc;residue_mapping;afdb_metadata;afdb_model;afdb_pae;afdb_plddt	uncertain_or_unclassified	no_positive_observable_evidence	unobserved		false		false
114	118	7WCI_1	7wci_A__P05413		7wci	A	P05413	30:228					false	false		false	false	false	false	false					96.19								insufficient_local_evidence	unknown	false	pdb_structure;sifts_mapping;pair_qc;residue_mapping;afdb_metadata;afdb_model;afdb_pae;afdb_plddt	uncertain_or_unclassified	no_positive_observable_evidence	unobserved		false		false
115	119	8R30_1	8r30_A__Q2PUH3		8r30	A	Q2PUH3	30:99					false	false		false	false	false	false	false					93.06								insufficient_local_evidence	unknown	false	pdb_structure;sifts_mapping;pair_qc;residue_mapping;afdb_metadata;afdb_model;afdb_pae;afdb_plddt	uncertain_or_unclassified	no_positive_observable_evidence	unobserved		false		false
116	120	6KL1_1	6kl1_A__P42212		6kl1	A	P42212	30:925		238			false	false		false	true	true	true	true	1	true			96.62	0.013							partial_local_inputs	unknown	false	pdb_structure;sifts_mapping;pair_qc;residue_mapping	uncertain_or_unclassified	no_positive_observable_evidence	unobserved		false		false
117	121	5MNN_1	5mnn_A__P00760		5mnn	A	P00760	30:71		246			false	false		false	true	true	true	true	1	true			93.12	0.098							partial_local_inputs	unknown	false	pdb_structure;sifts_mapping;pair_qc;residue_mapping	uncertain_or_unclassified	no_positive_observable_evidence	unobserved		false		false
118	122	1MUW_1	1muw_A__P15587	28	1muw	A	P15587	30:913		387	386	0.9974160206718347	true	true	pass	true	true	true	true	true	1	true	1.0	0.0	98.56	0.003	4.5	0.18468816864483129	true		true	pdb_amino_acid_mismatch	likely_ready	known_high_risk	true		easy_control_prior	documented_a0_primary_category_precedence_sampling_only	positive_complete	reports/a0_candidate_summary.csv:screening_index=28.0;data/raw/afdb/P15587/AF-P15587-F1/model.cif;data/raw/afdb/P15587/AF-P15587-F1/pae.json;data/raw/pdb/1muw.cif;data/processed/pairs/1muw_A__P15587/residue_mapping.parquet	true	easy_control_prior	true
119	123	2DDX_1	2ddx_A__D5MP61	29	2ddx	A	D5MP61	30:31911		576			false	false		true	false	false	false	false			0.9908256880733946	0.00917431192660545	85.31				true				partial_local_inputs	unknown	false	pair_qc;residue_mapping;afdb_metadata;afdb_model;afdb_pae;afdb_plddt	uncertain_or_unclassified	no_positive_observable_evidence	unobserved	reports/a0_candidate_summary.csv:screening_index=29.0	false		false
120	124	3WDN_1	3wdn_A__P20821	15	3wdn	A	P20821	30:11831		173			false	false		true	false	false	false	false			1.0	0.0	84.19				true				partial_local_inputs	unknown	false	pair_qc;residue_mapping;afdb_metadata;afdb_model;afdb_pae;afdb_plddt	uncertain_or_unclassified	no_positive_observable_evidence	unobserved	reports/a0_candidate_summary.csv:screening_index=15.0	false		false
121	125	4TKB_1	4tkb_A__P05413		4tkb	A	P05413	30:228					false	false		false	false	false	false	false					96.19								insufficient_local_evidence	unknown	false	pdb_structure;sifts_mapping;pair_qc;residue_mapping;afdb_metadata;afdb_model;afdb_pae;afdb_plddt	uncertain_or_unclassified	no_positive_observable_evidence	unobserved		false		false
122	126	4UAA_1	4uaa_A__H6UQI0		4uaa	A	H6UQI0	30:99					false	false		false	false	false	false	false					94.5								insufficient_local_evidence	unknown	false	pdb_structure;sifts_mapping;pair_qc;residue_mapping;afdb_metadata;afdb_model;afdb_pae;afdb_plddt	uncertain_or_unclassified	no_positive_observable_evidence	unobserved		false		false
123	127	5AVD_1	5avd_A__P00772	103	5avd	A	P00772	30:1378		266	240	0.9022556390977443	true	true	pass	true	true	true	true	true	1	true	1.0	0.0	91.56	0.10200000000000001	4.5	0.13395304013833764	true		true	pdb_amino_acid_mismatch	likely_ready	known_high_risk	true		easy_control_prior	documented_a0_primary_category_precedence_sampling_only	positive_complete	reports/a0_candidate_summary.csv:screening_index=103.0;data/raw/afdb/P00772/AF-P00772-F1/AF-P00772-F1-model_v6.cif;data/raw/afdb/P00772/AF-P00772-F1/pae.json;data/raw/pdb/5avd.cif;data/processed/pairs/5avd_A__P00772/residue_mapping.parquet	true	easy_control_prior	true
124	128	5MNG_1	5mng_A__P00760		5mng	A	P00760	30:71		246			false	false		false	true	true	true	true	1	true			93.12	0.098							partial_local_inputs	unknown	false	pdb_structure;sifts_mapping;pair_qc;residue_mapping	uncertain_or_unclassified	no_positive_observable_evidence	unobserved		false		false
125	129	6S2S_1	6s2s_A__P02689		6s2s	A	P02689	30:228		132			false	false		false	true	true	true	true	1	true			96.38	0.015							partial_local_inputs	unknown	false	pdb_structure;sifts_mapping;pair_qc;residue_mapping	uncertain_or_unclassified	no_positive_observable_evidence	unobserved		false		false
126	130	7FBF_1	7fbf_A__P05413		7fbf	A	P05413	30:228					false	false		false	false	false	false	false					96.19								insufficient_local_evidence	unknown	false	pdb_structure;sifts_mapping;pair_qc;residue_mapping;afdb_metadata;afdb_model;afdb_pae;afdb_plddt	uncertain_or_unclassified	no_positive_observable_evidence	unobserved		false		false
127	131	7FDT_1	7fdt_A__P05413		7fdt	A	P05413	30:228					false	false		false	false	false	false	false					96.19								insufficient_local_evidence	unknown	false	pdb_structure;sifts_mapping;pair_qc;residue_mapping;afdb_metadata;afdb_model;afdb_pae;afdb_plddt	uncertain_or_unclassified	no_positive_observable_evidence	unobserved		false		false
128	132	7FDU_1	7fdu_A__P05413		7fdu	A	P05413	30:228					false	false		false	false	false	false	false					96.19								insufficient_local_evidence	unknown	false	pdb_structure;sifts_mapping;pair_qc;residue_mapping;afdb_metadata;afdb_model;afdb_pae;afdb_plddt	uncertain_or_unclassified	no_positive_observable_evidence	unobserved		false		false
129	133	7WJ1_1	7wj1_A__P05413		7wj1	A	P05413	30:228					false	false		false	false	false	false	false					96.19								insufficient_local_evidence	unknown	false	pdb_structure;sifts_mapping;pair_qc;residue_mapping;afdb_metadata;afdb_model;afdb_pae;afdb_plddt	uncertain_or_unclassified	no_positive_observable_evidence	unobserved		false		false
130	134	7X48_1	7x48_A__P05413		7x48	A	P05413	30:228					false	false		false	false	false	false	false					96.19								insufficient_local_evidence	unknown	false	pdb_structure;sifts_mapping;pair_qc;residue_mapping;afdb_metadata;afdb_model;afdb_pae;afdb_plddt	uncertain_or_unclassified	no_positive_observable_evidence	unobserved		false		false
131	135	8K9N_1	8k9n_A__P04377		8k9n	A	P04377	30:4724					false	false		false	false	false	false	false					92.62								insufficient_local_evidence	unknown	false	pdb_structure;sifts_mapping;pair_qc;residue_mapping;afdb_metadata;afdb_model;afdb_pae;afdb_plddt	uncertain_or_unclassified	no_positive_observable_evidence	unobserved		false		false
132	136	9HDS_1	9hds_A__P11172		9hds	A	P11172	30:1095					false	false		false	false	false	false	false					92.12								insufficient_local_evidence	unknown	false	pdb_structure;sifts_mapping;pair_qc;residue_mapping;afdb_metadata;afdb_model;afdb_pae;afdb_plddt	uncertain_or_unclassified	no_positive_observable_evidence	unobserved		false		false
133	138	4QXI_1	4qxi_A__P15121		4qxi	A	P15121	30:408					false	false		false	false	false	false	false					98.31								insufficient_local_evidence	unknown	false	pdb_structure;sifts_mapping;pair_qc;residue_mapping;afdb_metadata;afdb_model;afdb_pae;afdb_plddt	uncertain_or_unclassified	no_positive_observable_evidence	unobserved		false		false
134	139	1DY5_1	1dy5_A__P61823		1dy5	A	P61823	30:399					false	false		false	false	false	false	false					94.06								insufficient_local_evidence	unknown	false	pdb_structure;sifts_mapping;pair_qc;residue_mapping;afdb_metadata;afdb_model;afdb_pae;afdb_plddt	uncertain_or_unclassified	no_positive_observable_evidence	unobserved		false		false
135	140	4I8J_1	4i8j_A__P00760		4i8j	A	P00760	30:71		246			false	false		false	true	true	true	true	1	true			93.12	0.098							partial_local_inputs	unknown	false	pdb_structure;sifts_mapping;pair_qc;residue_mapping	uncertain_or_unclassified	no_positive_observable_evidence	unobserved		false		false
136	141	4I8L_1	4i8l_A__P00760		4i8l	A	P00760	30:71		246			false	false		false	true	true	true	true	1	true			93.12	0.098							partial_local_inputs	unknown	false	pdb_structure;sifts_mapping;pair_qc;residue_mapping	uncertain_or_unclassified	no_positive_observable_evidence	unobserved		false		false
137	142	4TJZ_1	4tjz_A__P05413		4tjz	A	P05413	30:228					false	false		false	false	false	false	false					96.19								insufficient_local_evidence	unknown	false	pdb_structure;sifts_mapping;pair_qc;residue_mapping;afdb_metadata;afdb_model;afdb_pae;afdb_plddt	uncertain_or_unclassified	no_positive_observable_evidence	unobserved		false		false
138	143	4TKJ_1	4tkj_A__P05413		4tkj	A	P05413	30:228					false	false		false	false	false	false	false					96.19								insufficient_local_evidence	unknown	false	pdb_structure;sifts_mapping;pair_qc;residue_mapping;afdb_metadata;afdb_model;afdb_pae;afdb_plddt	uncertain_or_unclassified	no_positive_observable_evidence	unobserved		false		false
139	144	5AKR_1	5akr_A__P25006	30	5akr	A	P25006	30:786		378			false	false		true	false	false	false	false			0.8915343915343915	0.10846560846560849	92.31				true				partial_local_inputs	unknown	false	pair_qc;residue_mapping;afdb_metadata;afdb_model;afdb_pae;afdb_plddt	uncertain_or_unclassified	no_positive_observable_evidence	unobserved	reports/a0_candidate_summary.csv:screening_index=30.0	false		false
140	145	5DJ7_1	5dj7_A__Q54137		5dj7	A	Q54137	30:18309					false	false		false	false	false	false	false					89.06								insufficient_local_evidence	unknown	false	pdb_structure;sifts_mapping;pair_qc;residue_mapping;afdb_metadata;afdb_model;afdb_pae;afdb_plddt	uncertain_or_unclassified	no_positive_observable_evidence	unobserved		false		false
141	146	7HCO_1	7hco_A__P0DTD1		7hco	A	P0DTD1	30:44					false	false		false	true	true	true	true	1				96.08	0.01							partial_local_inputs	unknown	false	pdb_structure;sifts_mapping;pair_qc;residue_mapping	uncertain_or_unclassified	no_positive_observable_evidence	unobserved		false		false
142	147	7R25_1	7r25_A__W8FKE7		7r25	A	W8FKE7	30:8285					false	false		false	false	false	false	false					90.06								insufficient_local_evidence	unknown	false	pdb_structure;sifts_mapping;pair_qc;residue_mapping;afdb_metadata;afdb_model;afdb_pae;afdb_plddt	uncertain_or_unclassified	no_positive_observable_evidence	unobserved		false		false
143	148	7WE5_1	7we5_A__P05413		7we5	A	P05413	30:228					false	false		false	false	false	false	false					96.19								insufficient_local_evidence	unknown	false	pdb_structure;sifts_mapping;pair_qc;residue_mapping;afdb_metadata;afdb_model;afdb_pae;afdb_plddt	uncertain_or_unclassified	no_positive_observable_evidence	unobserved		false		false
144	149	7WQ7_1	7wq7_A__P05413		7wq7	A	P05413	30:228					false	false		false	false	false	false	false					96.19								insufficient_local_evidence	unknown	false	pdb_structure;sifts_mapping;pair_qc;residue_mapping;afdb_metadata;afdb_model;afdb_pae;afdb_plddt	uncertain_or_unclassified	no_positive_observable_evidence	unobserved		false		false
145	151	2P74_1	2p74_A__Q9L5C8		2p74	A	Q9L5C8	30:99					false	false		false	false	false	false	false					93.25								insufficient_local_evidence	unknown	false	pdb_structure;sifts_mapping;pair_qc;residue_mapping;afdb_metadata;afdb_model;afdb_pae;afdb_plddt	uncertain_or_unclassified	no_positive_observable_evidence	unobserved		false		false
146	152	3KLR_1	3klr_A__P20821		3klr	A	P20821	30:11831					false	false		false	false	false	false	false					84.19								insufficient_local_evidence	unknown	false	pdb_structure;sifts_mapping;pair_qc;residue_mapping;afdb_metadata;afdb_model;afdb_pae;afdb_plddt	uncertain_or_unclassified	no_positive_observable_evidence	unobserved		false		false
147	153	3WVM_1	3wvm_A__P05413		3wvm	A	P05413	30:228					false	false		false	false	false	false	false					96.19								insufficient_local_evidence	unknown	false	pdb_structure;sifts_mapping;pair_qc;residue_mapping;afdb_metadata;afdb_model;afdb_pae;afdb_plddt	uncertain_or_unclassified	no_positive_observable_evidence	unobserved		false		false
148	154	3ZOJ_1	3zoj_A__F2QVG4	36	3zoj	A	F2QVG4	30:10269		279	279	1.0	true	true	pass	true	true	true	true	true	1	true	0.942652329749104	0.05734767025089604	88.12	0.16799999999999998	26.0	0.48756766911521254	true			missing_mapping_column	known_blocked	unknown	true		high_pae_long_range_prior	documented_a0_primary_category_precedence_sampling_only	positive_complete	reports/a0_candidate_summary.csv:screening_index=36.0;data/raw/afdb/F2QVG4/model.cif;data/raw/afdb/F2QVG4/pae.json;data/raw/afdb/F2QVG4/plddt.json;data/raw/pdb/3zoj.cif;data/processed/pairs/3zoj_A__F2QVG4/residue_mapping.parquet	true	high_pae_long_range_prior;low_confidence_local_prior	true
149	155	4F1V_1	4f1v_A__C3K8K1	112	4f1v	A	C3K8K1	30:12499		394	370	0.9390862944162437	true	true	pass	true	true	true	true	true	1	true	1.0	0.0	95.0	0.061	4.0	0.15717457914713395	true				likely_ready	lower_risk	true		easy_control_prior	documented_a0_primary_category_precedence_sampling_only	positive_complete	reports/a0_candidate_summary.csv:screening_index=112.0;data/raw/afdb/C3K8K1/AF-C3K8K1-F1/AF-C3K8K1-F1-model_v6.cif;data/raw/afdb/C3K8K1/AF-C3K8K1-F1/pae.json;data/raw/pdb/4f1v.cif;data/processed/pairs/4f1v_A__C3K8K1/residue_mapping.parquet	true	easy_control_prior	true
150	156	7FFX_1	7ffx_A__P05413		7ffx	A	P05413	30:228					false	false		false	false	false	false	false					96.19								insufficient_local_evidence	unknown	false	pdb_structure;sifts_mapping;pair_qc;residue_mapping;afdb_metadata;afdb_model;afdb_pae;afdb_plddt	uncertain_or_unclassified	no_positive_observable_evidence	unobserved		false		false
151	157	7FXV_1	7fxv_A__P15090		7fxv	A	P15090	30:228					false	false		false	false	false	false	false					95.75								insufficient_local_evidence	unknown	false	pdb_structure;sifts_mapping;pair_qc;residue_mapping;afdb_metadata;afdb_model;afdb_pae;afdb_plddt	uncertain_or_unclassified	no_positive_observable_evidence	unobserved		false		false
152	158	7KQP_1	7kqp_A__P0DTD1		7kqp	A	P0DTD1	30:44					false	false		false	true	true	true	true	1				96.08	0.01							partial_local_inputs	unknown	false	pdb_structure;sifts_mapping;pair_qc;residue_mapping	uncertain_or_unclassified	no_positive_observable_evidence	unobserved		false		false
153	159	7XHM_1	7xhm_A__P05413		7xhm	A	P05413	30:228					false	false		false	false	false	false	false					96.19								insufficient_local_evidence	unknown	false	pdb_structure;sifts_mapping;pair_qc;residue_mapping;afdb_metadata;afdb_model;afdb_pae;afdb_plddt	uncertain_or_unclassified	no_positive_observable_evidence	unobserved		false		false
154	160	7XHU_1	7xhu_A__P05413		7xhu	A	P05413	30:228					false	false		false	false	false	false	false					96.19								insufficient_local_evidence	unknown	false	pdb_structure;sifts_mapping;pair_qc;residue_mapping;afdb_metadata;afdb_model;afdb_pae;afdb_plddt	uncertain_or_unclassified	no_positive_observable_evidence	unobserved		false		false
155	161	9YGW_1	9ygw_A__Q46948	119	9ygw	A	Q46948	30:1375		196			false	false		true	false	false	false	false					97.12				true				partial_local_inputs	unknown	false	pair_qc;residue_mapping;afdb_metadata;afdb_model;afdb_pae;afdb_plddt	uncertain_or_unclassified	no_positive_observable_evidence	unobserved	reports/a0_candidate_summary.csv:screening_index=119.0	false		false
156	162	5LP9_1	5lp9_A__A0A0H2V3I0	16	5lp9	A	A0A0H2V3I0	30:4940		182			false	false		true	false	false	false	false			0.9937888198757764	0.006211180124223614	81.94				true				partial_local_inputs	unknown	false	pair_qc;residue_mapping;afdb_metadata;afdb_model;afdb_pae;afdb_plddt	uncertain_or_unclassified	no_positive_observable_evidence	unobserved	reports/a0_candidate_summary.csv:screening_index=16.0	false		false
157	163	1I1W_1	1i1w_A__P23360	111	1i1w	A	P23360	30:1911		329	303	0.9209726443768997	true	true	pass	true	true	true	true	true	1	true	1.0	0.0	94.81	0.08499999999999999	3.0	0.14445699024067166	true		true	pdb_amino_acid_mismatch	likely_ready	known_high_risk	true		easy_control_prior	documented_a0_primary_category_precedence_sampling_only	positive_complete	reports/a0_candidate_summary.csv:screening_index=111.0;data/raw/afdb/P23360/AF-P23360-F1/AF-P23360-F1-model_v6.cif;data/raw/afdb/P23360/AF-P23360-F1/pae.json;data/raw/pdb/1i1w.cif;data/processed/pairs/1i1w_A__P23360/residue_mapping.parquet	true	easy_control_prior	true
158	164	1YWA_1	1ywa_A__Q94734		1ywa	A	Q94734	30:2732		205			false	false		false	true	true	true	true	1	true			88.75	0.127							partial_local_inputs	unknown	false	pdb_structure;sifts_mapping;pair_qc;residue_mapping	uncertain_or_unclassified	no_positive_observable_evidence	unobserved		false		false
159	165	2QDV_1	2qdv_A__P22364		2qdv	A	P22364	30:5586					false	false		false	false	false	false	false					88.25								insufficient_local_evidence	unknown	false	pdb_structure;sifts_mapping;pair_qc;residue_mapping;afdb_metadata;afdb_model;afdb_pae;afdb_plddt	uncertain_or_unclassified	no_positive_observable_evidence	unobserved		false		false
160	166	3IP0_1	3ip0_A__P26281	113	3ip0	A	P26281	30:2553		159	158	0.9937106918238994	true	true	pass	true	true	true	true	true	1	true	1.0	0.0	95.62	0.0	7.0	0.3713341897573388	true				likely_ready	lower_risk	true		low_confidence_local_prior	documented_a0_primary_category_precedence_sampling_only	positive_complete	reports/a0_candidate_summary.csv:screening_index=113.0;data/raw/afdb/P26281/AF-P26281-F1/AF-P26281-F1-model_v6.cif;data/raw/afdb/P26281/AF-P26281-F1/AF-P26281-F1-confidence_v6.json;data/raw/pdb/3ip0.cif;data/processed/pairs/3ip0_A__P26281/residue_mapping.parquet	true	low_confidence_local_prior	true
161	167	3UI6_1	3ui6_A__Q9Y237		3ui6	A	Q9Y237	30:13715					false	false		false	false	false	false	false					78.62								insufficient_local_evidence	unknown	false	pdb_structure;sifts_mapping;pair_qc;residue_mapping;afdb_metadata;afdb_model;afdb_pae;afdb_plddt	uncertain_or_unclassified	no_positive_observable_evidence	unobserved		false		false
162	168	4O6U_1	4o6u_A__O69756		4o6u	A	O69756	30:3821					false	false		false	false	false	false	false					91.75								insufficient_local_evidence	unknown	false	pdb_structure;sifts_mapping;pair_qc;residue_mapping;afdb_metadata;afdb_model;afdb_pae;afdb_plddt	uncertain_or_unclassified	no_positive_observable_evidence	unobserved		false		false
163	169	4U9H_1	4u9h_S__P21853		4u9h	S	P21853	30:1735					false	false		false	false	false	false	false					91.94								insufficient_local_evidence	unknown	false	pdb_structure;sifts_mapping;pair_qc;residue_mapping;afdb_metadata;afdb_model;afdb_pae;afdb_plddt	uncertain_or_unclassified	no_positive_observable_evidence	unobserved		false		false
164	170	4UA7_1	4ua7_A__H6UQI0		4ua7	A	H6UQI0	30:99					false	false		false	false	false	false	false					94.5								insufficient_local_evidence	unknown	false	pdb_structure;sifts_mapping;pair_qc;residue_mapping;afdb_metadata;afdb_model;afdb_pae;afdb_plddt	uncertain_or_unclassified	no_positive_observable_evidence	unobserved		false		false
165	171	4UYR_1	4uyr_A__P08640	12	4uyr	A	P08640	30:46244		1367			false	false		true	false	false	false	false			0.9315789473684212	0.06842105263157883	40.31				true				partial_local_inputs	unknown	false	pair_qc;residue_mapping;afdb_metadata;afdb_model;afdb_pae;afdb_plddt	uncertain_or_unclassified	no_positive_observable_evidence	unobserved	reports/a0_candidate_summary.csv:screening_index=12.0	false		false
166	172	5HBS_1	5hbs_A__P09455		5hbs	A	P09455	30:1337					false	false		false	false	false	false	false					96.75								insufficient_local_evidence	unknown	false	pdb_structure;sifts_mapping;pair_qc;residue_mapping;afdb_metadata;afdb_model;afdb_pae;afdb_plddt	uncertain_or_unclassified	no_positive_observable_evidence	unobserved		false		false
167	173	6KFN_1	6kfn_A__A0A5S8WF57	118	6kfn	A	A0A5S8WF57	30:268879		307			false	false		true	false	false	false	false					96.56				true				partial_local_inputs	unknown	false	pair_qc;residue_mapping;afdb_metadata;afdb_model;afdb_pae;afdb_plddt	uncertain_or_unclassified	no_positive_observable_evidence	unobserved	reports/a0_candidate_summary.csv:screening_index=118.0	false		false
168	174	7APW_1	7apw_A__Q13451		7apw	A	Q13451	30:1204					false	false		false	false	false	false	false					92.5								insufficient_local_evidence	unknown	false	pdb_structure;sifts_mapping;pair_qc;residue_mapping;afdb_metadata;afdb_model;afdb_pae;afdb_plddt	uncertain_or_unclassified	no_positive_observable_evidence	unobserved		false		false
169	175	7P6M_1	7p6m_A__P00698		7p6m	A	P00698	30:18		147			false	false		false	true	true	true	true	1	true			93.88	0.109							partial_local_inputs	unknown	false	pdb_structure;sifts_mapping;pair_qc;residue_mapping	uncertain_or_unclassified	no_positive_observable_evidence	unobserved		false		false
170	176	8JZ8_1	8jz8_A__P02883		8jz8	A	P02883	30:714					false	false		false	false	false	false	false					93.38								insufficient_local_evidence	unknown	false	pdb_structure;sifts_mapping;pair_qc;residue_mapping;afdb_metadata;afdb_model;afdb_pae;afdb_plddt	uncertain_or_unclassified	no_positive_observable_evidence	unobserved		false		false
171	177	8PB5_1	8pb5_A__P0DPA9	101	8pb5	A	P0DPA9	30:5086		309	309	1.0	true	true	pass	true	true	true	true	true	1	true	1.0	0.0	89.31	0.11399999999999999	18.5	0.4842448088572228	true		true	pdb_amino_acid_mismatch	likely_ready	known_high_risk	true		state_disagreement_prior	documented_a0_primary_category_precedence_sampling_only	positive_complete	reports/a0_candidate_summary.csv:screening_index=101.0;data/raw/afdb/P0DPA9/AF-P0DPA9-F1/AF-P0DPA9-F1-model_v6.cif;data/raw/afdb/P0DPA9/AF-P0DPA9-F1/pae.json;data/raw/afdb/P0DPA9/AF-P0DPA9-F1/AF-P0DPA9-F1-confidence_v6.json;data/raw/pdb/8pb5.cif;data/processed/pairs/8pb5_A__P0DPA9/residue_mapping.parquet	true	state_disagreement_prior;high_pae_long_range_prior;low_confidence_local_prior	true
172	178	8R5K_1	8r5k_A__Q13451		8r5k	A	Q13451	30:1204					false	false		false	false	false	false	false					92.5								insufficient_local_evidence	unknown	false	pdb_structure;sifts_mapping;pair_qc;residue_mapping;afdb_metadata;afdb_model;afdb_pae;afdb_plddt	uncertain_or_unclassified	no_positive_observable_evidence	unobserved		false		false
173	179	9MXN_1	9mxn_A__Q4K977		9mxn	A	Q4K977	30:3968					false	false		true	false	false	false	false					97.81				true				partial_local_inputs	unknown	false	pair_qc;residue_mapping;afdb_metadata;afdb_model;afdb_pae;afdb_plddt	uncertain_or_unclassified	no_positive_observable_evidence	unobserved		false		false
174	180	9PWM_1	9pwm_A__P0ABQ4	117	9pwm	A	P0ABQ4	30:869		159	159	1.0	true	true	pass	true	true	true	true	true	1	true	1.0	0.0	96.44	0.0	6.0	0.21035604352145768	true			residue_count_mismatch	likely_ready	known_high_risk	true		easy_control_prior	documented_a0_primary_category_precedence_sampling_only	positive_complete	reports/a0_candidate_summary.csv:screening_index=117.0;data/raw/afdb/P0ABQ4/AF-P0ABQ4-F1/AF-P0ABQ4-F1-model_v6.cif;data/raw/afdb/P0ABQ4/AF-P0ABQ4-F1/pae.json;data/raw/pdb/9pwm.cif;data/processed/pairs/9pwm_A__P0ABQ4/residue_mapping.parquet	true	easy_control_prior	true
175	181	9Q9D_1	9q9d_A__P19784		9q9d	A	P19784	30:453					false	false		false	false	false	false	false					94.12								insufficient_local_evidence	unknown	false	pdb_structure;sifts_mapping;pair_qc;residue_mapping;afdb_metadata;afdb_model;afdb_pae;afdb_plddt	uncertain_or_unclassified	no_positive_observable_evidence	unobserved		false		false
176	182	9QDV_1	9qdv_A__A0A918GGJ7	104	9qdv	A	A0A918GGJ7	30:1899		288			false	false		true	false	false	false	false			1.0	0.0	92.38				true				partial_local_inputs	unknown	false	pair_qc;residue_mapping;afdb_metadata;afdb_model;afdb_pae;afdb_plddt	uncertain_or_unclassified	no_positive_observable_evidence	unobserved	reports/a0_candidate_summary.csv:screening_index=104.0	false		false
177	183	4WEE_1	4wee_A__P21707	17	4wee	A	P21707	30:3258		421			false	false		true	false	false	false	false			0.9921259842519684	0.007874015748031593	81.81				true				partial_local_inputs	unknown	false	pair_qc;residue_mapping;afdb_metadata;afdb_model;afdb_pae;afdb_plddt	uncertain_or_unclassified	no_positive_observable_evidence	unobserved	reports/a0_candidate_summary.csv:screening_index=17.0	false		false
178	184	1G66_1	1g66_A__O59893		1g66	A	O59893	30:15577					false	false		false	false	false	false	false					93.44								insufficient_local_evidence	unknown	false	pdb_structure;sifts_mapping;pair_qc;residue_mapping;afdb_metadata;afdb_model;afdb_pae;afdb_plddt	uncertain_or_unclassified	no_positive_observable_evidence	unobserved		false		false
179	185	1IX9_1	1ix9_A__P00448		1ix9	A	P00448	30:2393					false	false		true	false	false	false	false					98.31				true				partial_local_inputs	unknown	false	pair_qc;residue_mapping;afdb_metadata;afdb_model;afdb_pae;afdb_plddt	uncertain_or_unclassified	no_positive_observable_evidence	unobserved		false		false
180	186	1IXB_1	1ixb_A__P00448		1ixb	A	P00448	30:2393					false	false		false	false	false	false	false					98.31								insufficient_local_evidence	unknown	false	pdb_structure;sifts_mapping;pair_qc;residue_mapping;afdb_metadata;afdb_model;afdb_pae;afdb_plddt	uncertain_or_unclassified	no_positive_observable_evidence	unobserved		false		false
181	187	1N9B_1	1n9b_A__P30896	110	1n9b	A	P30896	30:947		286	265	0.9265734265734266	true	true	pass	true	true	true	true	true	1	true	1.0	0.0	94.81	0.073	3.5	0.38091145037809704	true				likely_ready	known_high_risk	true		state_disagreement_prior	documented_a0_primary_category_precedence_sampling_only	positive_complete	reports/a0_candidate_summary.csv:screening_index=110.0;data/raw/afdb/P30896/AF-P30896-F1/AF-P30896-F1-model_v6.cif;data/raw/pdb/1n9b.cif;data/processed/pairs/1n9b_A__P30896/residue_mapping.parquet	true	state_disagreement_prior	true
182	188	1OEW_1	1oew_A__P11838		1oew	A	P11838	30:52					false	false		false	false	false	false	false					89.19								insufficient_local_evidence	unknown	false	pdb_structure;sifts_mapping;pair_qc;residue_mapping;afdb_metadata;afdb_model;afdb_pae;afdb_plddt	uncertain_or_unclassified	no_positive_observable_evidence	unobserved		false		false
183	189	1VYR_1	1vyr_A__P71278	120	1vyr	A	P71278	30:769		365			false	false		true	false	false	false	false					97.19				true				partial_local_inputs	unknown	false	pair_qc;residue_mapping;afdb_metadata;afdb_model;afdb_pae;afdb_plddt	uncertain_or_unclassified	no_positive_observable_evidence	unobserved	reports/a0_candidate_summary.csv:screening_index=120.0	false		false
184	190	2BW4_1	2bw4_A__P25006		2bw4	A	P25006	30:786					false	false		false	false	false	false	false					92.31								insufficient_local_evidence	unknown	false	pdb_structure;sifts_mapping;pair_qc;residue_mapping;afdb_metadata;afdb_model;afdb_pae;afdb_plddt	uncertain_or_unclassified	no_positive_observable_evidence	unobserved		false		false
185	191	2H5D_1	2h5d_A__P00778		2h5d	A	P00778	30:3639					false	false		false	false	false	false	false					91.06								insufficient_local_evidence	unknown	false	pdb_structure;sifts_mapping;pair_qc;residue_mapping;afdb_metadata;afdb_model;afdb_pae;afdb_plddt	uncertain_or_unclassified	no_positive_observable_evidence	unobserved		false		false
186	192	2IDQ_1	2idq_A__P22364		2idq	A	P22364	30:5586					false	false		false	false	false	false	false					88.25								insufficient_local_evidence	unknown	false	pdb_structure;sifts_mapping;pair_qc;residue_mapping;afdb_metadata;afdb_model;afdb_pae;afdb_plddt	uncertain_or_unclassified	no_positive_observable_evidence	unobserved		false		false
187	193	2PEV_1	2pev_A__P15121		2pev	A	P15121	30:408					false	false		false	false	false	false	false					98.31								insufficient_local_evidence	unknown	false	pdb_structure;sifts_mapping;pair_qc;residue_mapping;afdb_metadata;afdb_model;afdb_pae;afdb_plddt	uncertain_or_unclassified	no_positive_observable_evidence	unobserved		false		false
188	194	2WUR_1	2wur_A__P42212		2wur	A	P42212	30:465		238			false	false		false	true	true	true	true	1	true			96.62	0.013							partial_local_inputs	unknown	false	pdb_structure;sifts_mapping;pair_qc;residue_mapping	uncertain_or_unclassified	no_positive_observable_evidence	unobserved		false		false
189	195	2XU3_1	2xu3_A__P07711		2xu3	A	P07711	30:471					false	false		false	false	false	false	false					93.5								insufficient_local_evidence	unknown	false	pdb_structure;sifts_mapping;pair_qc;residue_mapping;afdb_metadata;afdb_model;afdb_pae;afdb_plddt	uncertain_or_unclassified	no_positive_observable_evidence	unobserved		false		false
190	196	2YL7_1	2yl7_A__P00138		2yl7	A	P00138	30:3514					false	false		false	false	false	false	false					97.56								insufficient_local_evidence	unknown	false	pdb_structure;sifts_mapping;pair_qc;residue_mapping;afdb_metadata;afdb_model;afdb_pae;afdb_plddt	uncertain_or_unclassified	no_positive_observable_evidence	unobserved		false		false
191	197	3K34_1	3k34_A__P00918		3k34	A	P00918	30:36					false	false		false	false	false	false	false					97.38								insufficient_local_evidence	unknown	false	pdb_structure;sifts_mapping;pair_qc;residue_mapping;afdb_metadata;afdb_model;afdb_pae;afdb_plddt	uncertain_or_unclassified	no_positive_observable_evidence	unobserved		false		false
192	198	3KS3_1	3ks3_A__P00918		3ks3	A	P00918	30:36					false	false		false	false	false	false	false					97.38								insufficient_local_evidence	unknown	false	pdb_structure;sifts_mapping;pair_qc;residue_mapping;afdb_metadata;afdb_model;afdb_pae;afdb_plddt	uncertain_or_unclassified	no_positive_observable_evidence	unobserved		false		false
193	199	3VOR_1	3vor_A__Q59393		3vor	A	Q59393	30:55480					false	false		false	false	false	false	false					91.75								insufficient_local_evidence	unknown	false	pdb_structure;sifts_mapping;pair_qc;residue_mapping;afdb_metadata;afdb_model;afdb_pae;afdb_plddt	uncertain_or_unclassified	no_positive_observable_evidence	unobserved		false		false
194	200	3ZSK_1	3zsk_A__P17931		3zsk	A	P17931	30:1239					false	false		false	false	false	false	false					73.81								insufficient_local_evidence	unknown	false	pdb_structure;sifts_mapping;pair_qc;residue_mapping;afdb_metadata;afdb_model;afdb_pae;afdb_plddt	uncertain_or_unclassified	no_positive_observable_evidence	unobserved		false		false
195	201	3ZTM_1	3ztm_A__P00138		3ztm	A	P00138	30:3514					false	false		false	false	false	false	false					97.56								insufficient_local_evidence	unknown	false	pdb_structure;sifts_mapping;pair_qc;residue_mapping;afdb_metadata;afdb_model;afdb_pae;afdb_plddt	uncertain_or_unclassified	no_positive_observable_evidence	unobserved		false		false
196	202	4CE8_1	4ce8_A__Q9HYN5		4ce8	A	Q9HYN5	30:2620					false	false		true	false	false	false	false					97.56				true				partial_local_inputs	unknown	false	pair_qc;residue_mapping;afdb_metadata;afdb_model;afdb_pae;afdb_plddt	uncertain_or_unclassified	no_positive_observable_evidence	unobserved		false		false
197	203	4EA9_1	4ea9_A__O85353	116	4ea9	A	O85353	30:10008		215			false	false		true	false	false	false	false					96.12				true				partial_local_inputs	unknown	false	pair_qc;residue_mapping;afdb_metadata;afdb_model;afdb_pae;afdb_plddt	uncertain_or_unclassified	no_positive_observable_evidence	unobserved	reports/a0_candidate_summary.csv:screening_index=116.0	false		false
198	204	4GCA_1	4gca_A__P15121		4gca	A	P15121	30:408					false	false		false	false	false	false	false					98.31								insufficient_local_evidence	unknown	false	pdb_structure;sifts_mapping;pair_qc;residue_mapping;afdb_metadata;afdb_model;afdb_pae;afdb_plddt	uncertain_or_unclassified	no_positive_observable_evidence	unobserved		false		false
199	205	4NSV_1	4nsv_A__Q7M135		4nsv	A	Q7M135	30:28069					false	false		true	false	false	false	false					97.94				true				partial_local_inputs	unknown	false	pair_qc;residue_mapping;afdb_metadata;afdb_model;afdb_pae;afdb_plddt	uncertain_or_unclassified	no_positive_observable_evidence	unobserved		false		false
200	206	5AVH_1	5avh_A__P24300		5avh	A	P24300	30:913					false	false		true	false	false	false	false					98.56				true				partial_local_inputs	unknown	false	pair_qc;residue_mapping;afdb_metadata;afdb_model;afdb_pae;afdb_plddt	uncertain_or_unclassified	no_positive_observable_evidence	unobserved		false		false
201	207	5B28_1	5b28_A__P05413		5b28	A	P05413	30:228					false	false		false	false	false	false	false					96.19								insufficient_local_evidence	unknown	false	pdb_structure;sifts_mapping;pair_qc;residue_mapping;afdb_metadata;afdb_model;afdb_pae;afdb_plddt	uncertain_or_unclassified	no_positive_observable_evidence	unobserved		false		false
202	208	5GJI_1	5gji_A__P27986		5gji	A	P27986	30:1013					false	false		false	false	false	false	false					83.19								insufficient_local_evidence	unknown	false	pdb_structure;sifts_mapping;pair_qc;residue_mapping;afdb_metadata;afdb_model;afdb_pae;afdb_plddt	uncertain_or_unclassified	no_positive_observable_evidence	unobserved		false		false
203	209	5R32_1	5r32_A__P11838		5r32	A	P11838	30:52					false	false		false	false	false	false	false					89.19								insufficient_local_evidence	unknown	false	pdb_structure;sifts_mapping;pair_qc;residue_mapping;afdb_metadata;afdb_model;afdb_pae;afdb_plddt	uncertain_or_unclassified	no_positive_observable_evidence	unobserved		false		false
204	210	5RBR_1	5rbr_A__P11838		5rbr	A	P11838	30:52					false	false		false	false	false	false	false					89.19								insufficient_local_evidence	unknown	false	pdb_structure;sifts_mapping;pair_qc;residue_mapping;afdb_metadata;afdb_model;afdb_pae;afdb_plddt	uncertain_or_unclassified	no_positive_observable_evidence	unobserved		false		false
205	211	5X9L_1	5x9l_A__P02883		5x9l	A	P02883	30:714					false	false		false	false	false	false	false					93.38								insufficient_local_evidence	unknown	false	pdb_structure;sifts_mapping;pair_qc;residue_mapping;afdb_metadata;afdb_model;afdb_pae;afdb_plddt	uncertain_or_unclassified	no_positive_observable_evidence	unobserved		false		false
206	212	5Y2S_1	5y2s_A__P00918		5y2s	A	P00918	30:36					false	false		true	false	false	false	false					97.38				true				partial_local_inputs	unknown	false	pair_qc;residue_mapping;afdb_metadata;afdb_model;afdb_pae;afdb_plddt	uncertain_or_unclassified	no_positive_observable_evidence	unobserved		false		false
207	213	6B00_1	6b00_A__P00918		6b00	A	P00918	30:36					false	false		false	false	false	false	false					97.38								insufficient_local_evidence	unknown	false	pdb_structure;sifts_mapping;pair_qc;residue_mapping;afdb_metadata;afdb_model;afdb_pae;afdb_plddt	uncertain_or_unclassified	no_positive_observable_evidence	unobserved		false		false
208	214	6FMC_1	6fmc_A__O14786	18	6fmc	A	O14786	30:10714		923			false	false		true	false	false	false	false			1.0	0.0	79.12				true				partial_local_inputs	unknown	false	pair_qc;residue_mapping;afdb_metadata;afdb_model;afdb_pae;afdb_plddt	uncertain_or_unclassified	no_positive_observable_evidence	unobserved	reports/a0_candidate_summary.csv:screening_index=18.0	false		false
209	215	6KKZ_1	6kkz_A__P42212		6kkz	A	P42212	30:925		238			false	false		false	true	true	true	true	1	true			96.62	0.013							partial_local_inputs	unknown	false	pdb_structure;sifts_mapping;pair_qc;residue_mapping	uncertain_or_unclassified	no_positive_observable_evidence	unobserved		false		false
210	216	6KLZ_1	6klz_A__P00918		6klz	A	P00918	30:36					false	false		false	false	false	false	false					97.38								insufficient_local_evidence	unknown	false	pdb_structure;sifts_mapping;pair_qc;residue_mapping;afdb_metadata;afdb_model;afdb_pae;afdb_plddt	uncertain_or_unclassified	no_positive_observable_evidence	unobserved		false		false
211	217	6KM2_1	6km2_A__P00918		6km2	A	P00918	30:36					false	false		false	false	false	false	false					97.38								insufficient_local_evidence	unknown	false	pdb_structure;sifts_mapping;pair_qc;residue_mapping;afdb_metadata;afdb_model;afdb_pae;afdb_plddt	uncertain_or_unclassified	no_positive_observable_evidence	unobserved		false		false
212	218	6UMZ_1	6umz_A__P16113		6umz	A	P16113	30:1944		125			false	false		false	true	true	true	true	1	true			95.81	0.016							partial_local_inputs	unknown	false	pdb_structure;sifts_mapping;pair_qc;residue_mapping	uncertain_or_unclassified	no_positive_observable_evidence	unobserved		false		false
213	219	7LTD_1	7ltd_A__P06873		7ltd	A	P06873	30:901					false	false		false	false	false	false	false					92.44								insufficient_local_evidence	unknown	false	pdb_structure;sifts_mapping;pair_qc;residue_mapping;afdb_metadata;afdb_model;afdb_pae;afdb_plddt	uncertain_or_unclassified	no_positive_observable_evidence	unobserved		false		false
